Date,User ID,Total Consumption (kWh),Peak Consumption (kWh),Off-Peak Consumption (kWh),Cost (INR),Cost Savings (INR),Logins/Day,Feedback Interaction (%),Recommendations Implemented (%),Uptime (%),Data Integrity (%),Downtime (min),Temperature (C)
5/1/24,1,39.38,14.68,24.7,236.26,30.71,2,72,34,99.7,99.76,0,27.1
5/1/24,2,57.15,23.36,33.79,342.9,35.15,2,61,70,99.45,99.67,2,27.1
5/1/24,3,55.83,20.52,35.31,335.01,52.76,2,83,38,99.78,99.87,3,27.1
5/1/24,4,51.58,20.8,30.78,309.5,23.21,3,50,63,99.82,99.74,0,27.1
5/1/24,5,22.16,8.12,14.03,132.94,14.96,1,65,35,99.55,99.71,2,27.1
5/2/24,1,33.44,12.25,21.19,200.67,4,2,37,42,99.49,99.75,9,30.7
5/2/24,2,51.34,21.36,29.99,308.07,36.2,1,67,52,99.8,99.96,6,30.7
5/2/24,3,53.99,21.14,32.85,323.94,0,2,33,37,99.4,99.91,6,30.7
5/2/24,4,30.55,13.16,17.4,183.33,27.5,5,80,70,99.41,99.79,4,30.7
5/2/24,5,55.73,23.54,32.19,334.38,5,1,26,36,99.79,99.71,0,30.7
5/3/24,1,46.59,18.16,28.43,279.54,26.56,5,58,52,99.88,99.62,9,31.7
5/3/24,2,20.16,7.24,12.92,120.97,17.24,1,77,61,99.41,99.92,4,31.7
5/3/24,3,24.74,9.1,15.64,148.43,23.01,5,82,32,99.53,99.78,2,31.7
5/3/24,4,31.6,12.04,19.56,189.61,13.27,2,48,39,99.43,99.73,10,31.7
5/3/24,5,54.83,19.44,35.39,328.96,28.78,4,55,38,99.71,99.52,0,31.7
5/4/24,1,52.79,23.71,29.08,316.75,2.3,2,22,39,99.58,99.79,0,16
5/4/24,2,36.74,13.97,22.77,220.47,12.68,5,43,38,99.78,99.88,4,16
5/4/24,3,58.45,21.48,36.97,350.68,56.99,5,85,38,99.68,100,8,16
5/4/24,4,26.73,11.94,14.79,160.4,12.43,5,51,52,99.71,99.88,3,16
5/4/24,5,51.51,22.06,29.46,309.08,37.09,2,68,34,99.87,99.54,0,16
5/5/24,1,33.17,13.76,19.41,199.02,14.43,3,49,39,99.49,99.85,9,34
5/5/24,2,22.15,9.72,12.43,132.93,12.96,1,59,54,99.41,99.77,5,34
5/5/24,3,48.47,18.65,29.83,290.85,14.54,5,40,43,99.47,99.93,7,34
5/5/24,4,20.63,8.32,12.31,123.78,13,3,62,31,99.79,99.93,6,34
5/5/24,5,53.83,20.99,32.83,322.97,37.14,3,66,63,99.84,99.88,2,34
5/6/24,1,46.86,20.15,26.7,281.14,18.98,1,47,58,99.54,99.94,5,25
5/6/24,2,38.76,15.3,23.46,232.54,17.44,5,50,66,99.6,99.99,0,25
5/6/24,3,41.9,18.1,23.8,251.37,28.28,4,65,54,99.84,99.94,6,25
5/6/24,4,51.46,19.11,32.34,308.73,47.08,4,81,56,99.42,99.88,8,25
5/6/24,5,31.56,12.18,19.38,189.36,16.1,5,54,47,99.85,99.53,10,25
5/7/24,1,22.82,9.95,12.87,136.9,19.17,3,76,37,99.43,99.99,1,34.9
5/7/24,2,30.15,11.56,18.59,180.92,10.4,1,43,66,99.67,99.55,0,34.9
5/7/24,3,34.96,13.93,21.02,209.73,13.63,2,46,54,99.58,99.73,4,34.9
5/7/24,4,51.54,20.62,30.92,309.25,20,3,34,65,99.67,99.9,4,34.9
5/7/24,5,30.54,12.55,18,183.26,16.95,2,57,62,99.89,99.66,8,34.9
5/8/24,1,36.92,13.06,23.86,221.53,31.01,3,76,37,99.68,99.67,3,24.7
5/8/24,2,48.68,18.82,29.86,292.07,17.4,4,25,57,99.76,99.88,5,24.7
5/8/24,3,33.74,12.15,21.6,202.46,12.9,1,29,49,99.86,99.94,1,24.7
5/8/24,4,59.98,24.1,35.89,359.9,14.5,2,28,39,99.87,99.78,9,24.7
5/8/24,5,46.3,20.02,26.28,277.78,22.92,1,53,37,99.45,99.91,7,24.7
5/9/24,1,37.53,15.48,22.05,225.19,18.02,4,52,65,99.62,99.84,9,22.9
5/9/24,2,34.87,14.09,20.78,209.23,30.86,1,79,53,99.44,99.79,0,22.9
5/9/24,3,20.7,8.6,12.1,124.21,14.59,5,67,66,99.77,99.69,4,22.9
5/9/24,4,55.82,25,30.82,334.93,35.17,1,62,59,99.47,99.68,2,22.9
5/9/24,5,34.51,12.97,21.54,207.07,15.1,2,35,38,99.72,99.52,5,22.9
5/10/24,1,34.23,13.84,20.38,205.36,17.97,3,55,32,99.56,99.93,1,15.1
5/10/24,2,48.39,20.44,27.94,290.31,21.05,3,49,55,99.59,99.98,10,15.1
5/10/24,3,46.71,19.33,27.38,280.26,30.83,2,64,54,99.55,99.57,7,15.1
5/10/24,4,37.55,13.86,23.69,225.32,22.5,2,31,46,99.67,99.99,3,15.1
5/10/24,5,53.98,21.7,32.28,323.86,38.86,4,68,45,99.47,99.9,10,15.1
5/11/24,1,27.44,10.14,17.29,164.61,18.11,4,64,57,99.52,99.58,8,28.1
5/11/24,2,36.6,14.73,21.88,219.62,28,1,71,32,99.54,99.82,7,28.1
5/11/24,3,38.32,14.57,23.76,229.95,20.12,2,55,41,99.84,99.54,5,28.1
5/11/24,4,26.2,11.71,14.5,157.23,10.22,4,46,30,99.44,99.88,6,28.1
5/11/24,5,48.87,21.86,27.01,293.22,43.25,2,79,61,99.9,99.71,0,28.1
5/12/24,1,46.94,18.56,28.38,281.63,19.01,2,47,44,99.55,99.62,2,24.7
5/12/24,2,58.15,24.32,33.83,348.93,41,2,67,42,99.41,99.99,9,24.7
5/12/24,3,22.21,9.63,12.58,133.25,12.5,4,23,35,99.69,99.99,1,24.7
5/12/24,4,52.6,18.46,34.14,315.62,44.19,4,76,42,99.74,99.82,9,24.7
5/12/24,5,21.46,9.37,12.08,128.73,9.33,4,49,66,99.44,99.5,1,24.7
5/13/24,1,38.22,15.96,22.26,229.32,13.19,3,43,51,99.44,99.5,5,34.6
5/13/24,2,31.91,13.41,18.5,191.47,11.97,3,45,63,99.67,99.6,10,34.6
5/13/24,3,49.41,17.34,32.07,296.46,0,4,26,49,99.7,99.86,2,34.6
5/13/24,4,45.87,18.68,27.19,275.22,20.64,4,50,61,99.77,99.85,0,34.6
5/13/24,5,32.04,13.6,18.44,192.25,0,3,35,55,99.71,99.8,2,34.6
5/14/24,1,55.68,21.9,33.79,334.1,0,2,35,32,99.5,99.89,6,16.7
5/14/24,2,31.12,13.81,17.31,186.75,26.14,1,76,49,99.7,99.94,7,16.7
5/14/24,3,32.01,12.01,20,192.06,25.45,2,73,64,99.63,99.77,5,16.7
5/14/24,4,31.76,11.96,19.81,190.59,18.11,2,58,66,99.87,99.55,3,16.7
5/14/24,5,30.09,12.48,17.61,180.52,14.44,2,52,50,99.5,99.61,1,16.7
5/15/24,1,25.56,11.41,14.15,153.39,62.28,2,43,51,99.86,99.88,7,30.4
5/15/24,2,52.5,21.75,30.74,314.99,56.342,2,25,62,99.4,99.8,8,30.4
5/15/24,3,44.82,15.81,29.01,268.93,50.404,2,24,37,99.7,99.93,1,30.4
5/15/24,4,26.2,9.22,16.98,157.19,44.466,4,22,45,99.56,99.56,8,30.4
5/15/24,5,31.8,13.74,18.06,190.8,28.14,5,79,30,99.84,99.86,1,30.4
5/16/24,1,52.62,22.71,29.91,315.71,46.57,2,79,56,99.42,99.73,9,24.3
5/16/24,2,55.63,22.52,33.12,333.81,27.54,2,53,59,99.62,99.84,9,24.3
5/16/24,3,39.89,14.17,25.72,239.34,18.55,5,51,67,99.89,99.93,5,24.3
5/16/24,4,24.44,8.63,15.81,146.62,12.46,1,54,60,99.62,99.56,4,24.3
5/16/24,5,21.11,8.18,12.94,126.69,6.37,2,21,59,99.41,99.54,6,24.3
5/17/24,1,48.63,18.51,30.12,291.77,22.61,3,51,59,99.68,99.7,4,20.4
5/17/24,2,54.45,23.79,30.67,326.72,17.15,1,41,65,99.75,99.86,9,20.4
5/17/24,3,51.52,18.41,33.11,309.13,46.37,3,80,65,99.72,99.8,6,20.4
5/17/24,4,21.54,8.3,13.24,129.22,20.03,4,82,59,99.55,99.51,4,20.4
5/17/24,5,41,17.42,23.58,245.97,12.91,5,41,69,99.65,99.97,4,20.4
5/18/24,1,53.49,21.72,31.77,320.97,44.13,2,75,66,99.47,99.6,6,19.2
5/18/24,2,24.42,9.67,14.75,146.54,49.79,4,27,36,99.72,99.67,4,19.2
5/18/24,3,29.58,10.73,18.85,177.48,61.84,5,32,58,99.49,99.92,4,19.2
5/18/24,4,31.2,13.84,17.36,187.23,22,3,67,38,99.64,99.86,7,19.2
5/18/24,5,34.58,12.9,21.68,207.48,28.01,5,74,70,99.62,99.56,10,19.2
5/19/24,1,52.96,23.54,29.43,317.78,27.81,3,55,34,99.45,99.51,8,21.3
5/19/24,2,32.89,13.16,19.73,197.32,11.35,3,43,39,99.81,99.78,10,21.3
5/19/24,3,29.42,12.93,16.49,176.53,14.12,5,52,45,99.78,99.98,6,21.3
5/19/24,4,47.76,17.79,29.97,286.57,16.89,5,29,34,99.69,99.93,0,21.3
5/19/24,5,24.88,9.94,14.93,149.26,19.66,1,23,69,99.44,99.63,7,21.3
5/20/24,1,47.05,17.01,30.04,282.3,35.29,4,70,41,99.88,99.79,0,19
5/20/24,2,40.63,17.53,23.11,243.8,0,3,23,51,99.55,99.85,1,19
5/20/24,3,53.61,20.44,33.17,321.66,29.75,5,57,52,99.74,99.89,2,19
5/20/24,4,34.3,13,21.29,205.77,27.78,2,74,34,99.7,99.95,3,19
5/20/24,5,25.08,11.04,14.04,150.48,19.94,1,73,35,99.61,99.86,4,19
5/21/24,1,29.29,11.99,17.29,175.71,0,4,31,30,99.76,99.92,8,30.3
5/21/24,2,49.8,19.66,30.14,298.79,28.39,1,58,57,99.45,99.67,0,30.3
5/21/24,3,49.35,20.7,28.64,296.07,19.24,1,46,50,99.51,99.87,7,30.3
5/21/24,4,40.63,15.34,25.29,243.78,30.47,1,70,40,99.62,99.61,10,30.3
5/21/24,5,55.28,23.82,31.46,331.66,30.68,1,57,44,99.45,99.87,0,30.3
5/22/24,1,42.19,16.05,26.14,253.16,39.87,2,83,62,99.5,99.58,10,26.7
5/22/24,2,20.19,8.87,11.31,121.12,0,1,31,66,99.78,99.94,2,26.7
5/22/24,3,57.42,23.78,33.65,344.55,12,3,33,52,99.57,99.67,10,26.7
5/22/24,4,35.31,12.72,22.59,211.85,28.6,2,74,52,99.53,99.77,4,26.7
5/22/24,5,40.11,14.29,25.82,240.64,27.07,2,65,49,99.59,99.96,6,26.7
5/23/24,1,32.14,13.46,18.69,192.86,11.09,5,43,48,99.58,99.61,5,15.2
5/23/24,2,50.96,19.7,31.26,305.77,38.99,1,71,39,99.77,99.64,7,15.2
5/23/24,3,46.96,17.28,29.68,281.77,0,5,31,59,99.59,99.93,7,15.2
5/23/24,4,28.61,10.18,18.43,171.65,12.87,5,50,53,99.73,99.54,4,15.2
5/23/24,5,39.71,17.62,22.1,238.28,35.74,1,80,48,99.71,99.58,9,15.2
5/24/24,1,21.95,9.43,12.52,131.69,0,3,29,47,99.78,99.55,7,31.9
5/24/24,2,31.51,11.99,19.52,189.07,13.71,3,49,32,99.77,99.9,8,31.9
5/24/24,3,22.65,8.36,14.29,135.92,21.07,1,82,30,99.56,99.65,6,31.9
5/24/24,4,42.63,15.66,26.97,255.8,0,5,39,53,99.61,99.87,6,31.9
5/24/24,5,51.61,20.72,30.89,309.68,48.77,1,83,33,99.54,99.94,9,31.9
5/25/24,1,31.07,13.18,17.89,186.43,9.32,5,40,67,99.61,99.52,10,20.1
5/25/24,2,48.83,17.77,31.06,292.99,0,2,23,54,99.52,99.64,8,20.1
5/25/24,3,29.95,11.65,18.3,179.71,8.99,2,40,42,99.62,99.71,0,20.1
5/25/24,4,50.76,19.45,31.31,304.54,0,4,27,32,99.83,99.75,5,20.1
5/25/24,5,54.96,23.93,31.03,329.76,21.43,2,46,31,99.76,99.95,6,20.1
5/26/24,1,48.71,19.05,29.66,292.28,43.84,4,80,30,99.7,99.95,9,29.5
5/26/24,2,33.69,15.16,18.53,202.12,26.28,3,72,45,99.79,99.54,5,29.5
5/26/24,3,32.55,13.37,19.18,195.31,17.58,2,56,46,99.81,99.69,10,29.5
5/26/24,4,30.45,11.55,18.9,182.7,0,5,21,54,99.48,99.82,10,29.5
5/26/24,5,51.63,18.62,33.02,309.8,36.4,3,67,57,99.42,99.98,10,29.5
5/27/24,1,56.87,22.39,34.47,341.19,17.91,4,41,40,99.86,99.56,4,27.9
5/27/24,2,34.35,14.17,20.18,206.1,0,2,24,39,99.75,99.82,8,27.9
5/27/24,3,57.53,25.63,31.9,345.2,24.16,3,48,39,99.6,99.55,8,27.9
5/27/24,4,26.44,11.88,14.56,158.65,9.52,3,44,34,99.42,99.98,9,27.9
5/27/24,5,58.95,21.04,37.91,353.71,0,3,33,69,99.55,99.78,1,27.9
5/28/24,1,21.63,8.92,12.71,129.76,21.09,2,85,38,99.55,99.61,7,31.5
5/28/24,2,45.26,19.46,25.8,271.59,16.3,2,44,55,99.71,99.8,9,31.5
5/28/24,3,22.69,8.2,14.49,136.13,18.04,2,73,51,99.53,99.52,5,31.5
5/28/24,4,36.89,15.33,21.56,221.36,22.14,1,60,65,99.65,99.95,4,31.5
5/28/24,5,22.31,10.03,12.28,133.84,8.37,2,45,70,99.67,99.9,1,31.5
5/29/24,1,28.46,12.24,16.22,170.77,0,2,23,41,99.53,99.87,7,20.9
5/29/24,2,59.63,26.43,33.19,357.77,35.78,1,60,63,99.54,99.95,1,20.9
5/29/24,3,56.47,24.98,31.49,338.8,0,2,33,42,99.55,99.67,2,20.9
5/29/24,4,34.76,12.64,22.12,208.55,23.98,2,66,31,99.63,99.94,5,20.9
5/29/24,5,35.28,13.03,22.25,211.69,32.81,4,82,51,99.66,99.81,4,20.9
5/30/24,1,23.74,9.31,14.42,142.43,20.3,5,77,48,99.57,99.88,4,33.1
5/30/24,2,28.92,11.25,17.67,173.5,0,4,22,53,99.45,99.86,7,33.1
5/30/24,3,40.51,16.69,23.82,243.08,38.29,5,83,34,99.8,99.9,6,33.1
5/30/24,4,26.06,11.6,14.45,156.35,18.76,5,68,61,99.88,99.56,7,33.1
5/30/24,5,50.64,19.86,30.78,303.83,18.99,3,45,37,99.65,99.93,2,33.1
5/31/24,1,30.45,12.19,18.25,182.68,29.69,5,85,38,99.87,99.81,8,15.5
5/31/24,2,34.05,12.32,21.73,204.3,16.34,5,52,44,99.58,99.54,8,15.5
5/31/24,3,28.52,11.51,17.01,171.12,14.55,4,54,35,99.58,99.91,6,15.5
5/31/24,4,51.36,22.71,28.65,308.15,21.57,2,48,36,99.74,99.59,3,15.5
5/31/24,5,53.01,22.29,30.72,318.08,21.47,3,47,30,99.42,99.85,10,15.5
6/1/24,1,21.83,8.82,13.01,130.98,21.28,1,85,62,99.76,99.8,9,31.4
6/1/24,2,57.33,21.05,36.28,343.97,0,3,22,32,99.56,99.77,8,31.4
6/1/24,3,43.99,17.11,26.87,263.91,39.59,4,80,66,99.59,99.58,10,31.4
6/1/24,4,27.76,11.46,16.3,166.58,0,5,34,70,99.64,99.53,9,31.4
6/1/24,5,40.05,14.75,25.3,240.29,0,1,23,33,99.82,99.93,0,31.4
6/2/24,1,47.14,16.66,30.49,282.86,14.14,3,40,31,99.88,100,8,32.5
6/2/24,2,39.47,15.17,24.3,236.8,31.97,3,74,68,99.58,99.57,4,32.5
6/2/24,3,41.65,16.74,24.91,249.89,0,1,39,58,99.82,99.66,0,32.5
6/2/24,4,28.71,10.68,18.03,172.26,24.55,1,77,47,99.41,99.69,10,32.5
6/2/24,5,32.29,11.92,20.37,193.72,21.79,2,65,47,99.78,99.97,7,32.5
6/3/24,1,28.74,11.52,17.23,172.46,0,1,32,65,99.69,99.68,10,23.8
6/3/24,2,30.5,12.13,18.37,183.02,0,1,37,42,99.69,99.87,7,23.8
6/3/24,3,54.36,22.72,31.63,326.14,0,4,34,63,99.48,99.52,3,23.8
6/3/24,4,42.12,15.11,27.02,252.75,13.9,3,42,45,99.78,99.64,5,23.8
6/3/24,5,20.98,7.44,13.54,125.91,8.5,2,47,51,99.81,99.62,0,23.8
6/4/24,1,58.46,22.78,35.68,350.74,26.31,4,50,36,99.81,99.93,6,34.2
6/4/24,2,39.46,17.26,22.2,236.76,28.41,1,68,61,99.47,99.65,10,34.2
6/4/24,3,34.26,12.48,21.79,205.58,26.73,3,72,58,99.42,99.58,8,34.2
6/4/24,4,23.27,10.43,12.85,139.64,9.43,4,47,54,99.53,99.75,6,34.2
6/4/24,5,46.9,17.3,29.6,281.39,45.73,3,85,37,99.76,99.72,5,34.2
6/5/24,1,43.73,16.04,27.69,262.36,20.33,4,51,52,99.68,99.81,3,21.6
6/5/24,2,21.12,9.45,11.67,126.7,15.84,4,70,54,99.87,99.95,10,21.6
6/5/24,3,45.1,18.86,26.23,270.58,39.91,5,79,59,99.75,99.58,7,21.6
6/5/24,4,56.56,20.89,35.67,339.35,0,5,33,63,99.84,99.56,10,21.6
6/5/24,5,47.74,18,29.74,286.45,0,5,35,51,99.87,99.92,5,21.6
6/6/24,1,41.09,14.56,26.53,246.52,23.42,3,58,42,99.67,99.99,6,22.5
6/6/24,2,40.48,14.79,25.69,242.91,33.4,4,75,38,99.43,99.94,7,22.5
6/6/24,3,43.53,16.94,26.58,261.15,28.73,2,64,52,99.8,99.5,10,22.5
6/6/24,4,23.11,10.1,13.01,138.66,22.53,2,85,34,99.49,99.86,2,22.5
6/6/24,5,48.73,21.4,27.33,292.38,0,2,21,53,99.76,99.8,10,22.5
6/7/24,1,25.02,8.8,16.22,150.14,0,3,31,45,99.7,99.62,8,31.6
6/7/24,2,53.21,22.56,30.65,319.25,22.35,4,48,41,99.72,99.64,5,31.6
6/7/24,3,48.34,19.43,28.91,290.02,22.48,2,51,30,99.56,99.56,7,31.6
6/7/24,4,50.22,17.75,32.46,301.3,29.38,2,59,49,99.57,99.72,9,31.6
6/7/24,5,30.48,11.93,18.56,182.89,0,3,24,62,99.51,99.95,3,31.6
6/8/24,1,59.08,23.28,35.8,354.5,23.04,1,46,49,99.89,99.85,3,26.4
6/8/24,2,42.61,18.14,24.47,255.64,25.56,1,60,32,99.54,99.59,1,26.4
6/8/24,3,20.28,8.42,11.86,121.69,8.21,1,47,50,99.44,99.97,8,26.4
6/8/24,4,36.26,16.12,20.14,217.54,0,1,37,65,99.82,99.68,8,26.4
6/8/24,5,25.81,11.15,14.66,154.86,0,2,29,39,99.64,99.66,2,26.4
6/9/24,1,44.34,19.32,25.02,266.05,14.63,3,42,53,99.47,99.54,9,15.8
6/9/24,2,34.76,14.58,20.17,208.53,29.72,1,77,61,99.89,99.88,3,15.8
6/9/24,3,22.05,8.51,13.54,132.28,0,2,27,55,99.77,99.68,7,15.8
6/9/24,4,27.37,9.91,17.47,164.24,20.53,3,70,52,99.63,99.67,2,15.8
6/9/24,5,56.02,21.12,34.89,336.1,0,1,29,36,99.73,99.92,1,15.8
6/10/24,1,42.21,16.98,25.23,253.27,19,3,50,45,99.85,99.69,1,25.3
6/10/24,2,23.56,9.77,13.79,141.35,22.26,5,83,47,99.5,99.59,5,25.3
6/10/24,3,36.18,15.17,21,217.07,0,4,30,40,99.47,99.82,2,25.3
6/10/24,4,32.51,12.01,20.5,195.08,0,3,37,58,99.71,99.81,6,25.3
6/10/24,5,24.59,10.85,13.74,147.53,22.13,5,80,63,99.83,99.89,2,25.3
6/11/24,1,58.83,26.09,32.74,352.96,34.41,1,59,39,99.85,99.95,1,33.4
6/11/24,2,21.6,9.65,11.95,129.58,16.2,3,70,59,99.41,99.8,6,33.4
6/11/24,3,45.05,20.23,24.82,270.29,33.11,4,69,49,99.43,99.88,10,33.4
6/11/24,4,55.22,22,33.22,331.35,30.65,1,57,70,99.81,99.91,4,33.4
6/11/24,5,38.71,15.15,23.56,232.26,26.13,3,65,34,99.77,99.88,10,33.4
6/12/24,1,50.79,21.31,29.47,304.72,0,1,29,43,99.82,99.6,7,25.4
6/12/24,2,30.82,12.77,18.04,184.9,25.42,1,75,51,99.76,99.94,2,25.4
6/12/24,3,24.6,9.12,15.48,147.6,11.44,1,51,44,99.62,99.75,4,25.4
6/12/24,4,35.66,15.61,20.05,213.97,0,4,37,39,99.82,99.7,6,25.4
6/12/24,5,43.07,16.55,26.53,258.44,0,2,37,37,99.83,99.75,6,25.4
6/13/24,1,49.19,21.27,27.92,295.15,39.85,2,74,44,99.84,99.88,8,33.9
6/13/24,2,24.94,11.1,13.84,149.66,11.97,1,52,40,99.55,99.68,7,33.9
6/13/24,3,34.09,14.5,19.59,204.55,0,2,34,55,99.58,99.93,1,33.9
6/13/24,4,31.08,12.92,18.16,186.49,0,2,28,54,99.77,99.87,5,33.9
6/13/24,5,45.17,18.49,26.68,271.01,0,4,33,62,99.48,99.79,2,33.9
6/14/24,1,44.19,16.97,27.21,265.12,17.9,5,47,64,99.78,99.86,5,15.7
6/14/24,2,47.33,19.02,28.31,283.98,0,1,29,56,99.7,99.94,6,15.7
6/14/24,3,33.04,13.18,19.86,198.24,20.32,3,61,38,99.69,99.61,2,15.7
6/14/24,4,57.21,21.38,35.83,343.27,0,3,36,37,99.68,99.72,10,15.7
6/14/24,5,35.84,14.52,21.32,215.06,15.05,1,48,54,99.68,99.85,1,15.7
6/15/24,1,30.19,12.99,17.2,181.14,17.21,4,58,49,99.67,99.55,5,16.9
6/15/24,2,23.63,9.54,14.09,141.76,14.53,3,61,70,99.61,99.95,6,16.9
6/15/24,3,40.27,17.51,22.76,241.61,29.6,3,69,59,99.69,99.6,0,16.9
6/15/24,4,34.95,12.7,22.25,209.7,0,2,27,42,99.56,99.72,6,16.9
6/15/24,5,54.71,23.42,31.29,328.26,20.52,3,45,67,99.89,99.94,7,16.9
6/16/24,1,21.86,7.68,14.18,131.19,14.43,3,64,43,99.63,99.77,10,31.8
6/16/24,2,58.78,21.94,36.84,352.69,0,2,37,36,99.58,99.8,5,31.8
6/16/24,3,51.7,22.53,29.18,310.22,20.94,3,47,65,99.63,99.71,7,31.8
6/16/24,4,25.1,11.05,14.05,150.61,0,5,34,54,99.71,99.55,9,31.8
6/16/24,5,24.94,10.77,14.16,149.61,19.08,4,71,55,99.75,99.52,9,31.8
6/17/24,1,30.82,12.85,17.97,184.93,29.59,5,84,31,99.88,99.7,0,31.7
6/17/24,2,59.36,21.9,37.46,356.15,0,5,24,66,99.76,99.87,7,31.7
6/17/24,3,27.04,10.87,16.17,162.26,0,2,20,42,99.41,99.64,7,31.7
6/17/24,4,41.04,16.6,24.45,246.27,15.39,3,45,48,99.65,99.59,10,31.7
6/17/24,5,35.87,13.54,22.33,215.22,20.45,5,58,48,99.78,99.67,7,31.7
6/18/24,1,51.52,22.62,28.89,309.1,0,4,27,67,99.55,99.76,6,16.1
6/18/24,2,32.77,13.4,19.37,196.65,0,1,27,43,99.46,99.6,2,16.1
6/18/24,3,59.54,25.14,34.4,357.25,39.3,2,64,58,99.48,99.56,8,16.1
6/18/24,4,51.14,22.66,28.48,306.85,46.03,4,80,49,99.78,99.8,0,16.1
6/18/24,5,53.9,21.39,32.51,323.38,33.15,5,61,50,99.57,100,9,16.1
6/19/24,1,23.36,9.09,14.27,140.16,9.46,4,47,49,99.85,99.92,2,19
6/19/24,2,28.6,12.81,15.79,171.61,22.31,5,72,62,99.77,99.93,4,19
6/19/24,3,32.89,12.9,19.99,197.36,25.16,2,71,40,99.85,99.61,0,19
6/19/24,4,55.76,19.55,36.2,334.53,0,5,28,38,99.77,99.99,10,19
6/19/24,5,22.49,8.26,14.23,134.97,10.46,1,51,34,99.44,99.68,7,19
6/20/24,1,30.73,12.86,17.87,184.38,14.75,1,52,36,99.44,99.63,10,17.8
6/20/24,2,22.92,9.34,13.58,137.52,14.44,1,62,65,99.69,99.68,5,17.8
6/20/24,3,28.64,11.26,17.39,171.86,0,3,32,39,99.89,99.59,0,17.8
6/20/24,4,21.44,9.29,12.16,128.66,7.4,4,43,49,99.9,99.73,1,17.8
6/20/24,5,53.19,22.75,30.44,319.13,51.06,1,84,49,99.58,99.79,3,17.8
6/21/24,1,57.53,22.55,34.98,345.16,43.14,3,70,41,99.73,99.68,9,31
6/21/24,2,37.07,15.86,21.21,222.43,0,1,21,62,99.66,99.6,6,31
6/21/24,3,40.23,17.86,22.37,241.4,0,4,32,36,99.61,99.98,10,31
6/21/24,4,27.97,12.16,15.82,167.84,9.65,4,43,45,99.5,99.81,4,31
6/21/24,5,55.23,24.65,30.58,331.35,0,3,31,67,99.6,99.73,6,31
6/22/24,1,54.79,22.52,32.27,328.74,21.37,5,46,58,99.53,99.73,8,34.9
6/22/24,2,20.03,7.87,12.16,120.17,0,1,36,55,99.88,99.86,6,34.9
6/22/24,3,47.1,16.82,30.29,282.61,43.8,4,82,60,99.47,99.86,9,34.9
6/22/24,4,43.24,18.7,24.54,259.44,37.62,3,78,42,99.71,99.72,8,34.9
6/22/24,5,39.28,14.01,25.26,235.68,0,3,24,51,99.69,99.58,8,34.9
6/23/24,1,52.36,22.1,30.26,314.17,0,4,20,57,99.78,99.81,9,25.6
6/23/24,2,53.7,18.8,34.9,322.22,17.72,5,42,38,99.48,99.51,2,25.6
6/23/24,3,50.23,18.51,31.72,301.38,0,4,24,68,99.7,99.8,1,25.6
6/23/24,4,59.18,25.93,33.24,355.07,0,5,36,49,99.57,99.97,0,25.6
6/23/24,5,39.55,17.14,22.41,237.28,38.56,4,85,62,99.44,99.77,1,25.6
6/24/24,1,24.44,10.03,14.42,146.66,20.9,4,77,41,99.42,99.72,8,27.9
6/24/24,2,54.26,19.27,34.99,325.53,0,2,26,45,99.89,99.67,1,27.9
6/24/24,3,50.38,20.15,30.22,302.26,15.11,4,40,31,99.7,99.69,0,27.9
6/24/24,4,34.3,14.54,19.76,205.78,0,2,36,33,99.82,99.94,8,27.9
6/24/24,5,58.86,23.11,35.75,353.16,19.42,1,42,59,99.67,99.76,0,27.9
6/25/24,1,37.69,14.1,23.59,226.11,0,5,27,69,99.7,99.54,10,19.8
6/25/24,2,40.27,15.19,25.08,241.59,19.93,4,53,33,99.7,99.52,5,19.8
6/25/24,3,31.39,12.98,18.41,188.34,0,2,34,62,99.87,99.77,1,19.8
6/25/24,4,47.35,19.49,27.86,284.11,0,4,36,50,99.44,99.99,2,19.8
6/25/24,5,38.93,14.2,24.73,233.57,0,1,24,34,99.85,99.77,6,19.8
6/26/24,1,41.32,15.13,26.18,247.89,0,4,31,61,99.7,99.98,9,27.2
6/26/24,2,33.31,12.87,20.44,199.85,0,5,38,42,99.63,99.52,6,27.2
6/26/24,3,41.37,16.54,24.83,248.21,18,2,49,65,99.61,99.57,10,27.2
6/26/24,4,53.57,19.52,34.05,321.4,16.07,4,40,37,99.84,99.77,2,27.2
6/26/24,5,54.45,21.67,32.78,326.71,18.79,4,43,52,99.41,99.56,10,27.2
6/27/24,1,26.15,9.45,16.7,156.9,23.14,2,79,44,99.63,99.92,7,24.1
6/27/24,2,44.34,16.14,28.2,266.05,21.28,2,52,65,99.61,99.55,0,24.1
6/27/24,3,43.02,16.26,26.76,258.13,37.43,3,78,50,99.77,99.71,7,24.1
6/27/24,4,26.73,11.37,15.35,160.37,13.23,3,53,39,99.45,99.7,1,24.1
6/27/24,5,42.18,15.48,26.7,253.1,33.54,3,73,69,99.87,99.71,4,24.1
6/28/24,1,24.78,8.73,16.05,148.66,7.43,4,40,60,99.58,99.63,3,32.2
6/28/24,2,21.38,8.21,13.17,128.26,0,1,26,64,99.54,99.92,6,32.2
6/28/24,3,40.26,14.83,25.43,241.54,36.84,4,81,66,99.4,99.71,6,32.2
6/28/24,4,25.23,9.89,15.33,151.36,0,1,37,35,99.87,99.69,3,32.2
6/28/24,5,52.24,20.8,31.43,313.41,47.01,4,80,40,99.85,99.68,6,32.2
6/29/24,1,35.54,13.44,22.1,213.24,11.73,1,42,58,99.8,99.93,2,27.3
6/29/24,2,37.77,15.74,22.04,226.65,18.13,3,52,42,99.82,99.71,5,27.3
6/29/24,3,28.93,10.92,18.01,173.57,18.66,1,63,50,99.52,99.98,8,27.3
6/29/24,4,42.31,16.76,25.55,253.89,24.75,5,59,60,99.79,99.96,10,27.3
6/29/24,5,39.48,14.46,25.01,236.86,16.58,2,48,52,99.41,99.76,4,27.3
6/30/24,1,31.09,13.01,18.08,186.52,14.92,2,52,62,99.71,99.95,9,32
6/30/24,2,57.09,23.63,33.46,342.54,37.68,2,64,56,99.6,99.68,4,32
6/30/24,3,53.64,22.58,31.06,321.85,37.82,4,67,68,99.54,99.66,9,32
6/30/24,4,40.89,16.35,24.54,245.36,12.88,2,41,46,99.65,99.61,1,32
6/30/24,5,39.26,17.34,21.92,235.56,0,4,26,34,99.46,99.54,4,32
7/1/24,1,32.48,13.38,19.1,194.88,28.26,3,78,67,99.63,99.75,5,20.5
7/1/24,2,52,18.82,33.19,312.03,29.64,2,58,35,99.9,99.84,2,20.5
7/1/24,3,50.39,19.76,30.63,302.32,40.06,4,73,35,99.42,99.96,4,20.5
7/1/24,4,39.91,17.38,22.53,239.45,0,3,33,50,99.48,99.67,9,20.5
7/1/24,5,25.28,10.42,14.86,151.71,0,4,20,64,99.68,99.78,5,20.5
7/2/24,1,40.32,15.72,24.6,241.9,38.1,2,83,52,99.48,99.89,3,21.9
7/2/24,2,20.37,8.92,11.45,122.21,19.55,4,84,33,99.57,99.7,5,21.9
7/2/24,3,21.68,8.71,12.96,130.06,20.48,5,83,49,99.72,99.78,7,21.9
7/2/24,4,58.59,21.27,37.32,351.54,42.18,3,68,35,99.51,99.73,4,21.9
7/2/24,5,28.62,10.35,18.27,171.73,23.18,3,74,51,99.83,99.99,6,21.9
7/3/24,1,32.31,12.93,19.38,193.85,0,3,39,36,99.7,99.59,8,17.6
7/3/24,2,38.9,17.18,21.72,233.41,30.93,2,73,57,99.73,99.51,5,17.6
7/3/24,3,46.64,20.14,26.5,279.82,45.47,1,85,42,99.46,99.97,9,17.6
7/3/24,4,33.79,13.7,20.09,202.75,17.74,1,55,57,99.44,99.99,3,17.6
7/3/24,5,46.16,20.06,26.1,276.94,0,1,34,31,99.7,99.61,5,17.6
7/4/24,1,46.64,20.85,25.79,279.82,29.38,3,62,47,99.9,99.57,5,21.2
7/4/24,2,21.5,8.08,13.43,129.03,13.87,5,63,66,99.8,99.54,0,21.2
7/4/24,3,52.92,20.86,32.06,317.5,19.84,2,45,55,99.47,99.6,3,21.2
7/4/24,4,48.32,21.29,27.03,289.92,33.34,3,66,54,99.6,99.84,3,21.2
7/4/24,5,57.6,24.58,33.02,345.57,26.78,4,51,35,99.66,99.65,0,21.2
7/5/24,1,44.75,16.47,28.28,268.49,28.19,5,62,44,99.86,99.55,4,29.8
7/5/24,2,37.01,13.69,23.33,222.07,26.09,5,67,52,99.8,99.61,7,29.8
7/5/24,3,25.21,9.7,15.51,151.28,21.56,3,77,43,99.88,99.87,8,29.8
7/5/24,4,37.49,14.54,22.95,224.95,31.49,5,76,53,99.83,99.75,0,29.8
7/5/24,5,40.11,14.65,25.45,240.64,26.47,2,64,32,99.73,99.52,3,29.8
7/6/24,1,25.32,10.86,14.46,151.91,21.65,3,77,40,99.8,99.91,2,15.8
7/6/24,2,29.46,12.6,16.86,176.76,18.56,1,62,40,99.72,99.81,10,15.8
7/6/24,3,54.77,19.5,35.27,328.62,0,1,29,47,99.42,99.99,4,15.8
7/6/24,4,57.4,24.38,33.02,344.41,55.11,3,84,43,99.44,99.81,0,15.8
7/6/24,5,25.34,10.82,14.53,152.06,22.43,5,79,69,99.86,100,9,15.8
7/7/24,1,27.08,9.61,17.47,162.5,26,2,84,58,99.65,99.67,8,32
7/7/24,2,20.37,8.69,11.68,122.25,8.86,4,49,34,99.53,99.7,9,32
7/7/24,3,57.32,21.2,36.13,343.94,53.31,2,82,68,99.67,99.59,5,32
7/7/24,4,37.4,13.56,23.83,224.39,24.68,4,64,58,99.64,99.97,10,32
7/7/24,5,23.87,9.31,14.56,143.22,18.26,1,71,40,99.48,99.63,5,32
7/8/24,1,54.22,22.57,31.65,325.31,0,3,31,66,99.52,99.51,4,31
7/8/24,2,27.35,11.76,15.58,164.08,11.08,3,47,44,99.78,99.96,4,31
7/8/24,3,50.11,20.22,29.89,300.66,30.07,2,60,50,99.81,99.52,4,31
7/8/24,4,56.29,20.45,35.84,337.73,24.49,3,49,56,99.76,99.88,5,31
7/8/24,5,55.93,21.17,34.76,335.57,20.97,5,45,69,99.65,99.77,8,31
7/9/24,1,42.49,17.67,24.83,254.97,21.03,5,53,54,99.89,99.62,8,16.8
7/9/24,2,30.29,10.98,19.3,181.71,0,3,38,55,99.4,99.77,1,16.8
7/9/24,3,43.7,17.53,26.17,262.23,38.02,4,78,49,99.64,99.52,2,16.8
7/9/24,4,53.9,21.19,32.71,323.41,43.66,2,74,48,99.41,99.69,8,16.8
7/9/24,5,45.11,16.02,29.09,270.64,0,4,30,45,99.44,99.94,4,16.8
7/10/24,1,37.26,15.96,21.3,223.54,0,1,25,52,99.49,99.55,9,29.4
7/10/24,2,41.67,16.86,24.81,250,0,2,36,58,99.87,99.68,1,29.4
7/10/24,3,42.59,19.13,23.46,255.53,0,3,27,35,99.53,99.71,7,29.4
7/10/24,4,45.79,18.99,26.8,274.73,19.92,4,49,43,99.89,99.94,8,29.4
7/10/24,5,34.39,12.87,21.53,206.36,11.87,3,43,48,99.9,99.69,8,29.4
7/11/24,1,40.38,14.28,26.1,242.29,16.35,2,47,38,99.42,99.79,5,27.9
7/11/24,2,33.78,12.13,21.66,202.71,20.78,1,61,66,99.66,99.65,0,27.9
7/11/24,3,44.83,18.12,26.71,268.98,36.31,1,74,59,99.75,99.8,4,27.9
7/11/24,4,41.45,15,26.45,248.69,29.22,3,67,45,99.44,99.57,3,27.9
7/11/24,5,59.67,24.32,35.35,358.04,21.48,4,44,34,99.73,99.83,0,27.9
7/12/24,1,55.89,22,33.88,335.32,51.14,1,81,69,99.6,99.94,5,32.3
7/12/24,2,28.51,12.19,16.33,171.07,8.98,5,41,50,99.68,99.59,6,32.3
7/12/24,3,31.48,12.99,18.49,188.9,29.28,5,82,60,99.84,99.97,4,32.3
7/12/24,4,26.37,11.32,15.05,158.21,0,1,21,34,99.71,99.84,6,32.3
7/12/24,5,57.15,20.42,36.73,342.91,45.44,5,73,35,99.62,99.54,1,32.3
7/13/24,1,36.52,14.64,21.88,219.13,15.89,5,49,48,99.61,99.66,5,24.3
7/13/24,2,53.84,18.98,34.86,323.04,43.61,5,74,51,99.58,99.72,0,24.3
7/13/24,3,37.49,16.09,21.4,224.97,0,2,21,65,99.63,99.76,9,24.3
7/13/24,4,34.54,14.57,19.96,207.21,25.38,4,69,67,99.59,99.92,1,24.3
7/13/24,5,45.85,17.32,28.53,275.11,41.27,4,80,53,99.48,99.87,5,24.3
7/14/24,1,30.39,11.98,18.41,182.32,14.59,3,52,45,99.61,99.53,4,18.4
7/14/24,2,42.4,17.15,25.25,254.39,38.16,1,80,37,99.85,99.99,3,18.4
7/14/24,3,59.45,25.7,33.75,356.7,45.48,1,71,39,99.7,99.56,5,18.4
7/14/24,4,39.25,14.88,24.37,235.47,0,5,34,41,99.8,99.68,0,18.4
7/14/24,5,24.36,8.69,15.68,146.19,0,2,23,59,99.63,99.58,4,18.4
7/15/24,1,57.77,25.65,32.12,346.64,0,2,22,50,99.55,99.8,4,19.5
7/15/24,2,31.46,13.44,18.02,188.74,10.38,3,42,34,99.76,99.61,7,19.5
7/15/24,3,23.35,9.45,13.91,140.12,9.81,1,48,57,99.49,99.88,3,19.5
7/15/24,4,29.36,12.72,16.64,176.18,0,3,20,63,99.67,99.6,6,19.5
7/15/24,5,56.64,22,34.64,339.82,22.94,5,47,35,99.7,99.77,4,19.5
7/16/24,1,43.8,17.02,26.78,262.8,34.82,3,73,39,99.86,99.6,6,31.3
7/16/24,2,26.92,10.2,16.72,161.51,25.44,3,83,41,99.88,99.65,6,31.3
7/16/24,3,46.96,20.06,26.91,281.78,35.22,1,70,56,99.76,99.56,3,31.3
7/16/24,4,45.65,17.44,28.22,273.92,39.03,3,77,38,99.9,99.73,10,31.3
7/16/24,5,24.19,8.89,15.3,145.16,0,5,39,37,99.64,99.59,6,31.3
7/17/24,1,58.12,23.93,34.19,348.73,21.8,3,45,48,99.77,99.67,10,32.1
7/17/24,2,37.2,13.5,23.7,223.21,29.58,3,73,67,99.57,99.71,3,32.1
7/17/24,3,57.1,20.19,36.91,342.59,47.96,2,76,48,99.64,99.64,10,32.1
7/17/24,4,35.56,12.68,22.88,213.37,16.54,4,51,58,99.49,99.89,5,32.1
7/17/24,5,41,17.05,23.95,246,0,3,36,53,99.51,99.51,3,32.1
7/18/24,1,32.02,11.61,20.41,192.14,26.42,3,75,54,99.57,99.91,5,16.5
7/18/24,2,45.42,16.23,29.19,272.5,14.31,5,41,45,99.83,99.72,8,16.5
7/18/24,3,43.26,16.01,27.25,259.58,27.26,1,62,44,99.75,99.89,10,16.5
7/18/24,4,37.99,13.48,24.51,227.94,0,5,22,49,99.49,99.96,9,16.5
7/18/24,5,44.12,15.65,28.47,264.74,0,3,24,40,99.53,99.62,10,16.5
7/19/24,1,54.07,19.83,34.24,324.43,28.39,3,55,58,99.47,99.95,4,22.8
7/19/24,2,39.17,16.7,22.47,235.03,0,5,28,38,99.87,99.62,3,22.8
7/19/24,3,27.5,10.53,16.96,164.98,13.61,5,53,31,99.42,99.98,8,22.8
7/19/24,4,35.29,14.99,20.3,211.75,19.06,5,56,52,99.53,99.57,1,22.8
7/19/24,5,49.17,19.81,29.35,295.02,41.3,4,76,31,99.82,99.73,0,22.8
7/20/24,1,56.63,21.59,35.04,339.81,27.18,3,52,38,99.69,99.63,0,29.2
7/20/24,2,38.87,13.98,24.89,233.24,0,3,20,53,99.4,99.55,6,29.2
7/20/24,3,34.75,13.42,21.32,208.47,16.16,4,51,62,99.87,99.94,6,29.2
7/20/24,4,21.62,8.08,13.55,129.74,0,4,29,64,99.63,99.81,5,29.2
7/20/24,5,38.68,15.69,22.99,232.07,27.85,4,68,58,99.64,99.97,6,29.2
7/21/24,1,25.48,11.01,14.48,152.89,14.14,4,57,59,99.58,99.94,3,15.9
7/21/24,2,20.62,7.99,12.64,123.73,19.18,5,82,51,99.84,99.61,10,15.9
7/21/24,3,22.38,9.95,12.43,134.3,0,2,29,47,99.77,99.61,5,15.9
7/21/24,4,37.74,16.15,21.6,226.45,20.38,3,56,36,99.49,99.61,4,15.9
7/21/24,5,57.54,24.28,33.25,345.21,42.29,3,69,35,99.79,99.66,7,15.9
7/22/24,1,32.32,11.63,20.69,193.91,29.09,5,80,70,99.83,99.72,1,31.2
7/22/24,2,53.86,22.42,31.44,323.17,0,4,30,61,99.8,99.79,1,31.2
7/22/24,3,20.11,8.92,11.19,120.63,19.6,1,85,51,99.43,99.77,7,31.2
7/22/24,4,42.19,17.15,25.05,253.17,38.61,5,81,59,99.89,99.82,3,31.2
7/22/24,5,44.66,19.14,25.53,267.98,40.2,4,80,53,99.54,99.88,1,31.2
7/23/24,1,32.57,12.83,19.75,195.44,30.78,2,83,63,99.83,99.56,6,16.6
7/23/24,2,27.88,11.78,16.1,167.3,14.64,3,55,48,99.84,99.7,9,16.6
7/23/24,3,46.68,17.89,28.79,280.08,34.31,3,69,38,99.84,99.58,6,16.6
7/23/24,4,52.3,20.73,31.57,313.82,0,3,21,41,99.41,99.73,0,16.6
7/23/24,5,26.85,11.56,15.29,161.08,0,5,21,36,99.63,99.95,5,16.6
7/24/24,1,35.13,13.5,21.63,210.77,31.09,1,79,43,99.72,99.59,1,30.4
7/24/24,2,58.9,21.18,37.71,353.38,18.55,5,41,42,99.86,100,9,30.4
7/24/24,3,39.22,17.38,21.84,235.35,35.89,2,81,36,99.56,99.76,7,30.4
7/24/24,4,51.23,21.75,29.48,307.38,15.37,1,40,67,99.64,99.86,4,30.4
7/24/24,5,25.5,10.03,15.47,153.01,0,1,22,46,99.65,99.56,2,30.4
7/25/24,1,53.93,19.92,34.01,323.59,0,4,22,53,99.52,99.93,9,19.7
7/25/24,2,22.88,10.22,12.66,137.29,0,5,25,39,99.79,99.65,1,19.7
7/25/24,3,43.56,17.64,25.92,261.34,32.67,3,70,36,99.55,99.8,7,19.7
7/25/24,4,47.42,16.85,30.57,284.55,14.94,5,41,38,99.82,99.76,9,19.7
7/25/24,5,20.08,8.44,11.63,120.46,18.37,1,81,63,99.83,99.86,5,19.7
7/26/24,1,36.02,12.87,23.15,216.13,23.23,4,63,39,99.72,99.98,6,23.4
7/26/24,2,34.68,15.57,19.11,208.09,23.41,5,65,44,99.54,99.92,6,23.4
7/26/24,3,28.5,11.47,17.03,171.01,12.4,3,49,64,99.61,99.74,10,23.4
7/26/24,4,45.43,19.66,25.77,272.6,20.44,4,50,35,99.49,99.86,5,23.4
7/26/24,5,50.87,18.95,31.92,305.2,15.26,4,40,61,99.43,99.64,2,23.4
7/27/24,1,43.96,16.77,27.19,263.76,24.4,4,57,50,99.55,99.51,9,32.1
7/27/24,2,45.21,17.7,27.51,271.27,42.73,3,83,68,99.89,99.56,7,32.1
7/27/24,3,27.67,9.88,17.79,166.03,23.24,5,76,48,99.6,99.84,4,32.1
7/27/24,4,53.62,20.24,33.38,321.73,0,3,36,49,99.86,99.82,2,32.1
7/27/24,5,22.98,8.6,14.38,137.86,0,1,25,67,99.59,99.64,9,32.1
7/28/24,1,45.55,19.61,25.93,273.28,16.4,2,44,55,99.88,99.95,7,18.3
7/28/24,2,34.15,13.28,20.87,204.91,12.81,5,45,40,99.71,99.61,0,18.3
7/28/24,3,32.16,14.16,18,192.98,0,2,31,68,99.87,99.85,4,18.3
7/28/24,4,48.56,19.75,28.81,291.35,0,2,34,39,99.42,99.84,10,18.3
7/28/24,5,44.08,19.1,24.98,264.5,0,4,24,48,99.58,99.85,0,18.3
7/29/24,1,20.49,8.2,12.29,122.96,16.6,3,74,47,99.58,99.96,4,27.7
7/29/24,2,32.74,13.23,19.51,196.47,0,3,30,64,99.44,99.55,10,27.7
7/29/24,3,39.27,14.06,25.21,235.61,14.73,2,45,68,99.89,99.75,9,27.7
7/29/24,4,34.15,13.62,20.54,204.92,0,4,22,59,99.59,99.86,2,27.7
7/29/24,5,29.07,11.75,17.32,174.41,0,2,23,69,99.74,99.51,10,27.7
7/30/24,1,25.57,9.2,16.38,153.45,13.43,4,55,54,99.64,99.95,1,33
7/30/24,2,44.12,18.47,25.64,264.71,25.81,5,59,35,99.64,99.82,1,33
7/30/24,3,36.03,15.46,20.57,216.18,17.29,4,52,49,99.51,99.57,0,33
7/30/24,4,45.13,16.22,28.91,270.78,44,3,85,59,99.54,99.7,10,33
7/30/24,5,37.75,15.7,22.04,226.48,0,4,23,44,99.61,99.76,10,33
7/31/24,1,56.23,22.61,33.61,337.35,46.39,4,75,44,99.78,99.83,9,34.6
7/31/24,2,23.78,10.18,13.6,142.66,22.47,4,83,62,99.47,99.59,9,34.6
7/31/24,3,41.33,16.24,25.09,247.99,19.22,5,51,46,99.56,99.81,0,34.6
7/31/24,4,50.75,20.6,30.15,304.52,47.96,4,83,54,99.61,99.9,4,34.6
7/31/24,5,57.41,24.83,32.58,344.45,43.92,3,71,31,99.76,99.54,8,34.6
8/1/24,1,35.86,15.7,20.16,215.16,30.12,5,76,48,99.55,99.91,0,30.3
8/1/24,2,52.54,23.3,29.24,315.24,0,2,36,42,99.62,99.88,3,30.3
8/1/24,3,57.18,22.43,34.75,343.08,33.45,1,59,40,99.61,99.64,5,30.3
8/1/24,4,43.96,18.99,24.97,263.73,0,4,27,70,99.7,99.79,7,30.3
8/1/24,5,21.14,8.87,12.27,126.85,20.3,2,84,66,99.68,99.98,5,30.3
8/2/24,1,41.88,17.13,24.75,251.29,13.19,1,41,63,99.74,99.85,4,26
8/2/24,2,45.03,18.2,26.83,270.19,32.42,1,68,32,99.81,99.59,0,26
8/2/24,3,34.95,15.35,19.6,209.71,27.26,2,72,37,99.5,99.64,8,26
8/2/24,4,32.85,14.71,18.14,197.1,10.84,4,42,43,99.4,99.84,10,26
8/2/24,5,31.4,12.69,18.71,188.37,0,1,24,70,99.46,99.94,2,26
8/3/24,1,34.2,14.83,19.37,205.21,0,1,21,45,99.46,99.72,6,30.6
8/3/24,2,32.59,12.8,19.78,195.54,22.98,2,67,44,99.55,99.7,10,30.6
8/3/24,3,35.53,13.13,22.4,213.15,30.91,1,78,33,99.67,99.91,9,30.6
8/3/24,4,20.25,7.53,12.72,121.52,6.99,5,43,45,99.55,99.92,1,30.6
8/3/24,5,34.69,12.15,22.54,208.13,30.18,3,78,68,99.76,99.62,5,30.6
8/4/24,1,44.67,17.68,27,268.04,39.54,1,79,38,99.77,99.68,7,27.2
8/4/24,2,42.63,16.04,26.58,255.76,0,4,32,54,99.64,99.97,4,27.2
8/4/24,3,46.3,20.31,25.99,277.8,25.7,4,57,36,99.83,99.91,2,27.2
8/4/24,4,23.64,8.83,14.81,141.82,0,4,38,36,99.82,99.57,3,27.2
8/4/24,5,21.57,8.73,12.84,129.4,9.71,2,50,30,99.55,99.86,5,27.2
8/5/24,1,43.71,17.84,25.87,262.29,36.72,4,76,61,99.85,99.64,3,19.7
8/5/24,2,58.37,23.12,35.26,350.23,39.4,2,65,53,99.88,99.53,6,19.7
8/5/24,3,55.4,20.82,34.58,332.38,0,2,30,38,99.73,99.97,5,19.7
8/5/24,4,22.49,8.02,14.47,134.96,0,4,25,45,99.42,99.72,3,19.7
8/5/24,5,41.63,18.4,23.23,249.75,14.99,1,44,34,99.59,99.97,5,19.7
8/6/24,1,52.47,19.49,32.98,314.82,35.42,2,65,39,99.78,99.94,1,26.1
8/6/24,2,49.97,21.67,28.3,299.82,0,4,35,43,99.79,99.66,4,26.1
8/6/24,3,42.75,18.14,24.61,256.48,0,2,24,44,99.65,99.67,2,26.1
8/6/24,4,45.6,19.69,25.91,273.61,34.2,3,70,46,99.52,99.57,6,26.1
8/6/24,5,46.35,20.51,25.84,278.09,0,3,35,67,99.69,99.93,10,26.1
8/7/24,1,20.96,7.94,13.01,125.73,19.8,2,83,60,99.9,99.88,9,30.2
8/7/24,2,52.41,19.84,32.57,314.44,38.52,1,69,52,99.5,99.56,1,30.2
8/7/24,3,30.34,10.77,19.57,182.06,25.49,5,76,51,99.71,99.95,10,30.2
8/7/24,4,50.94,22.14,28.8,305.64,19.87,4,46,38,99.71,99.7,5,30.2
8/7/24,5,45.96,17.72,28.24,275.74,44.12,1,84,63,99.61,99.86,5,30.2
8/8/24,1,29.94,10.48,19.46,179.65,16.62,4,57,59,99.64,99.53,2,17.3
8/8/24,2,50.32,20.15,30.17,301.92,36.23,3,68,56,99.81,99.99,0,17.3
8/8/24,3,33.7,13.95,19.75,202.19,10.62,5,41,47,99.52,99.71,8,17.3
8/8/24,4,27.22,9.87,17.35,163.3,0,2,31,54,99.59,99.58,10,17.3
8/8/24,5,33.8,13.28,20.52,202.8,15.21,3,50,62,99.61,99.59,5,17.3
8/9/24,1,58.29,24.65,33.64,349.72,53.33,2,81,63,99.54,99.89,4,18.4
8/9/24,2,35.36,15.67,19.68,212.14,31.82,1,80,63,99.71,99.87,3,18.4
8/9/24,3,34.37,15.14,19.22,206.2,0,3,34,41,99.41,99.67,5,18.4
8/9/24,4,44.02,18.33,25.69,264.1,0,3,25,37,99.82,99.93,0,18.4
8/9/24,5,34.09,13.61,20.48,204.56,15.34,5,50,40,99.69,99.7,9,18.4
8/10/24,1,30.3,11.74,18.55,181.77,29.08,5,84,56,99.55,99.76,5,19.7
8/10/24,2,42.63,17.64,24.98,255.75,28.13,5,64,35,99.8,99.98,0,19.7
8/10/24,3,28.21,12.59,15.63,169.29,0,2,36,40,99.41,99.65,10,19.7
8/10/24,4,41.83,16.24,25.6,251,23.22,2,57,62,99.79,99.84,1,19.7
8/10/24,5,32.59,12.87,19.72,195.54,22.98,1,67,34,99.79,99.89,1,19.7
8/11/24,1,39.14,17.42,21.72,234.86,24.07,2,61,34,99.45,99.62,1,31
8/11/24,2,46.15,18.83,27.32,276.87,0,2,37,44,99.82,99.8,0,31
8/11/24,3,23.17,10.03,13.14,139.02,0,2,26,30,99.48,99.89,5,31
8/11/24,4,46.05,17.19,28.85,276.28,22.79,4,53,33,99.48,99.67,3,31
8/11/24,5,27.46,9.67,17.79,164.76,0,2,33,64,99.62,99.97,9,31
8/12/24,1,47.61,20.03,27.57,285.64,34.28,3,68,36,99.58,99.79,9,21
8/12/24,2,51.56,19.43,32.13,309.35,23.97,4,51,67,99.74,99.72,3,21
8/12/24,3,52.92,22.77,30.15,317.54,0,1,25,62,99.45,99.88,5,21
8/12/24,4,36.73,15.79,20.95,220.41,13.22,4,44,53,99.87,99.66,1,21
8/12/24,5,35.55,12.97,22.58,213.31,21.33,3,60,42,99.85,99.97,1,21
8/13/24,1,47.78,17.7,30.08,286.69,41.57,2,78,38,99.63,99.69,9,20.1
8/13/24,2,55.77,21.54,34.22,334.59,24.26,1,49,64,99.57,99.68,1,20.1
8/13/24,3,52.76,21.24,31.51,316.54,50.65,2,84,49,99.87,99.65,5,20.1
8/13/24,4,39.86,15.02,24.85,239.18,0,1,32,53,99.85,99.82,7,20.1
8/13/24,5,58.52,25.63,32.89,351.12,25.46,1,49,35,99.59,99.68,4,20.1
8/14/24,1,29.2,13,16.2,175.21,28.47,4,85,66,99.45,99.57,3,18.9
8/14/24,2,46.44,18.85,27.59,278.67,0,5,22,53,99.56,99.63,2,18.9
8/14/24,3,43.3,17.31,25.99,259.82,0,2,32,31,99.72,99.65,3,18.9
8/14/24,4,23.12,9.37,13.75,138.75,17.34,3,70,37,99.6,99.79,7,18.9
8/14/24,5,25.93,10.85,15.07,155.57,24.89,5,84,35,99.67,99.94,7,18.9
8/15/24,1,25.12,9.83,15.29,150.71,0,1,36,52,99.83,99.59,9,16.2
8/15/24,2,38.97,15.95,23.02,233.8,0,3,39,69,99.51,99.87,1,16.2
8/15/24,3,59.52,23.75,35.77,357.09,17.85,2,40,40,99.44,99.7,5,16.2
8/15/24,4,54.65,21.27,33.38,327.89,0,1,36,63,99.61,99.76,1,16.2
8/15/24,5,33.61,12.12,21.49,201.68,0,4,20,62,99.48,99.7,2,16.2
8/16/24,1,30.31,10.62,19.68,181.84,21.37,1,67,58,99.54,99.67,10,34.7
8/16/24,2,20.06,7.83,12.23,120.38,0,4,30,43,99.49,99.89,10,34.7
8/16/24,3,38.08,14.11,23.97,228.48,0,5,33,48,99.59,99.52,10,34.7
8/16/24,4,23.17,9.05,14.12,139.03,19.12,3,75,44,99.58,99.92,7,34.7
8/16/24,5,39.89,14.44,25.46,239.36,0,3,35,66,99.86,99.51,5,34.7
8/17/24,1,44.54,16.35,28.18,267.24,0,5,22,61,99.46,99.59,8,27.2
8/17/24,2,25.57,9.32,16.24,153.4,8.44,2,42,44,99.72,99.86,8,27.2
8/17/24,3,34.73,12.94,21.78,208.36,0,2,30,51,99.47,99.92,0,27.2
8/17/24,4,59.94,26.71,33.23,359.65,19.78,2,42,42,99.52,99.71,2,27.2
8/17/24,5,41.17,16.45,24.73,247.04,32.73,5,73,34,99.7,99.74,2,27.2
8/18/24,1,56.34,19.76,36.59,338.07,42.26,2,70,41,99.41,99.75,6,21.6
8/18/24,2,41.84,17.63,24.21,251.03,37.03,5,79,44,99.78,99.9,4,21.6
8/18/24,3,49.4,20.63,28.76,296.38,25.93,4,55,68,99.86,99.61,7,21.6
8/18/24,4,22.54,10,12.54,135.24,7.1,3,41,59,99.5,99.99,6,21.6
8/18/24,5,26.24,11.07,15.17,157.47,12.2,2,51,45,99.51,99.85,1,21.6
8/19/24,1,33.54,13.01,20.53,201.24,23.14,2,66,37,99.9,99.67,7,31.2
8/19/24,2,29.39,11.67,17.72,176.33,0,1,36,43,99.42,99.88,7,31.2
8/19/24,3,48.94,20.74,28.2,293.66,0,5,20,31,99.43,99.79,0,31.2
8/19/24,4,58.54,21.65,36.89,351.23,36.88,2,62,33,99.89,99.52,5,31.2
8/19/24,5,56.97,22.99,33.98,341.81,55.54,2,85,67,99.71,99.85,8,31.2
8/20/24,1,48.03,19.72,28.31,288.2,24.5,4,54,68,99.83,99.77,4,32.2
8/20/24,2,44.03,15.71,28.32,264.18,33.02,4,70,42,99.52,99.83,0,32.2
8/20/24,3,35.6,15.34,20.27,213.61,29.37,1,75,43,99.63,99.73,8,32.2
8/20/24,4,53.03,22.51,30.52,318.15,34.2,5,63,33,99.43,99.94,4,32.2
8/20/24,5,47.46,17.09,30.37,284.75,39.15,3,75,41,99.88,99.84,6,32.2
8/21/24,1,22.16,8.05,14.11,132.98,14.63,3,64,41,99.87,99.85,10,32.9
8/21/24,2,59.64,20.97,38.67,357.85,35.78,5,60,55,99.77,99.82,7,32.9
8/21/24,3,56.44,24.73,31.71,338.65,52.49,5,82,55,99.79,99.82,0,32.9
8/21/24,4,23.66,8.46,15.19,141.95,9.23,1,46,32,99.79,99.81,2,32.9
8/21/24,5,24.01,10.03,13.98,144.09,19.45,3,74,68,99.78,99.98,6,32.9
8/22/24,1,28.46,10.12,18.34,170.73,0,2,27,35,99.46,99.67,1,30.2
8/22/24,2,27.16,11.97,15.2,162.99,17.93,2,64,60,99.77,99.62,5,30.2
8/22/24,3,50.09,21.57,28.51,300.52,45.83,1,81,64,99.53,99.55,5,30.2
8/22/24,4,59.62,24.44,35.17,357.7,18.78,4,41,61,99.83,99.85,0,30.2
8/22/24,5,39.81,16.29,23.52,238.87,16.72,2,48,62,99.83,99.79,0,30.2
8/23/24,1,43.21,16.66,26.54,259.24,0,1,34,38,99.61,99.89,10,24.7
8/23/24,2,37.85,16.14,21.71,227.1,33.5,3,79,50,99.44,99.55,10,24.7
8/23/24,3,43.29,16.17,27.12,259.72,20.78,3,52,62,99.51,99.69,8,24.7
8/23/24,4,22.42,8.41,14.02,134.55,12.45,1,57,39,99.89,99.54,5,24.7
8/23/24,5,38.4,15.81,22.59,230.4,20.74,2,56,61,99.8,99.81,10,24.7
8/24/24,1,28.97,11.04,17.93,173.82,0,4,31,41,99.88,99.77,7,24.7
8/24/24,2,44.41,15.63,28.79,266.47,35.31,4,73,36,99.87,99.96,7,24.7
8/24/24,3,40.32,17.05,23.26,241.89,0,1,31,65,99.43,99.65,6,24.7
8/24/24,4,32.39,12.41,19.99,194.36,0,3,23,67,99.89,99.82,0,24.7
8/24/24,5,48.09,17.67,30.42,288.55,14.43,2,40,66,99.42,99.86,8,24.7
8/25/24,1,28.7,11.15,17.55,172.21,23.25,4,74,60,99.5,99.93,10,26.1
8/25/24,2,54.17,23.96,30.21,325.04,34.94,5,63,39,99.72,99.87,1,26.1
8/25/24,3,52.09,19.21,32.88,312.55,0,4,36,51,99.54,99.98,0,26.1
8/25/24,4,42.72,19.17,23.55,256.33,0,5,28,63,99.54,99.63,0,26.1
8/25/24,5,36.92,14.43,22.49,221.5,24.36,1,64,41,99.42,99.77,1,26.1
8/26/24,1,44.59,16.52,28.07,267.54,22.07,1,53,47,99.78,99.58,3,32.3
8/26/24,2,40.84,16.07,24.77,245.04,26.34,3,63,49,99.86,99.93,7,32.3
8/26/24,3,20.91,7.39,13.52,125.48,0,1,37,69,99.77,99.96,1,32.3
8/26/24,4,26.58,9.88,16.7,159.47,17.14,1,63,52,99.75,99.98,6,32.3
8/26/24,5,39.97,16.37,23.6,239.84,0,1,22,62,99.87,99.91,9,32.3
8/27/24,1,32.21,14.02,18.18,193.24,15.46,5,52,40,99.81,99.73,0,18.9
8/27/24,2,35.39,13.32,22.07,212.34,13.8,3,46,46,99.77,99.55,9,18.9
8/27/24,3,47.4,20.71,26.69,284.37,18.48,4,46,37,99.62,99.59,5,18.9
8/27/24,4,47.37,17.14,30.23,284.22,19.18,1,47,31,99.66,99.75,2,18.9
8/27/24,5,23.79,10.67,13.12,142.72,14.63,3,61,60,99.68,99.8,3,18.9
8/28/24,1,33.15,14.61,18.54,198.9,22.87,3,66,64,99.69,99.92,5,32.9
8/28/24,2,20.68,8.59,12.1,124.09,0,3,23,59,99.46,99.88,1,32.9
8/28/24,3,32.55,13.13,19.42,195.32,29.79,2,81,66,99.48,99.97,3,32.9
8/28/24,4,51.78,19.69,32.09,310.7,47.38,3,81,44,99.52,99.62,10,32.9
8/28/24,5,30.5,12.87,17.63,182.99,0,2,38,47,99.86,99.95,1,32.9
8/29/24,1,22,9.14,12.86,132.02,0,5,23,49,99.56,99.93,2,31.2
8/29/24,2,57.66,22.17,35.49,345.98,32,3,57,70,99.72,99.88,9,31.2
8/29/24,3,29.11,10.69,18.42,174.66,14.85,3,54,52,99.81,99.67,7,31.2
8/29/24,4,46.76,20.38,26.38,280.55,0,2,31,51,99.84,99.76,0,31.2
8/29/24,5,35.47,14.9,20.57,212.82,0,5,28,59,99.71,99.95,4,31.2
8/30/24,1,33.55,14.08,19.47,201.3,32.21,5,84,45,99.65,99.69,9,34.3
8/30/24,2,57.19,22.1,35.09,343.13,0,3,22,66,99.77,99.99,5,34.3
8/30/24,3,27.65,11.32,16.33,165.93,13.69,2,53,44,99.48,99.63,9,34.3
8/30/24,4,49.44,20.72,28.71,296.62,0,5,23,49,99.51,99.64,0,34.3
8/30/24,5,32.98,13.81,19.17,197.9,20.78,1,62,36,99.74,99.91,0,34.3
8/31/24,1,41.77,18.24,23.53,250.62,0,4,35,48,99.57,99.94,2,21.2
8/31/24,2,55.67,23.45,32.21,333.99,0,4,32,58,99.65,99.72,0,21.2
8/31/24,3,20.26,8.51,11.76,121.58,12.46,5,61,36,99.44,99.86,8,21.2
8/31/24,4,33.28,13.97,19.31,199.69,0,3,37,65,99.51,99.87,7,21.2
8/31/24,5,26.63,10.99,15.64,159.76,20.37,4,71,70,99.68,99.84,5,21.2
9/1/24,1,41.3,18.17,23.14,247.81,31.6,2,71,34,99.66,99.91,9,31.7
9/1/24,2,51.84,22.78,29.05,311.03,0,3,26,50,99.89,99.55,10,31.7
9/1/24,3,36.93,15.53,21.4,221.56,16.62,4,50,49,99.79,99.68,2,31.7
9/1/24,4,53.92,22.56,31.37,323.55,20.22,5,45,41,99.58,99.86,7,31.7
9/1/24,5,52.21,19.96,32.25,313.25,22.71,2,49,55,99.69,99.51,10,31.7
9/2/24,1,46.44,19.78,26.66,278.61,0,2,34,33,99.58,99.74,10,15.9
9/2/24,2,49.52,17.65,31.87,297.1,15.6,5,41,58,99.61,99.93,5,15.9
9/2/24,3,36.49,13.88,22.61,218.94,0,1,29,70,99.79,99.77,4,15.9
9/2/24,4,44.82,19.68,25.15,268.94,0,3,21,67,99.85,99.98,5,15.9
9/2/24,5,35.4,12.67,22.73,212.42,31.86,3,80,52,99.74,99.67,4,15.9
9/3/24,1,47.03,17.62,29.41,282.18,38.8,1,75,42,99.62,99.81,4,18.4
9/3/24,2,43.73,17.67,26.06,262.39,28.86,5,64,68,99.52,99.52,7,18.4
9/3/24,3,32.71,12.61,20.1,196.25,29.93,3,81,35,99.58,99.52,3,18.4
9/3/24,4,20.56,7.26,13.3,123.33,0,1,23,43,99.5,99.97,8,18.4
9/3/24,5,20.67,8.9,11.77,124.02,8.68,4,48,64,99.77,99.66,6,18.4
9/4/24,1,45.86,19.2,26.66,275.15,24.08,3,55,38,99.79,99.66,7,20.9
9/4/24,2,22.3,8.89,13.41,133.8,17.06,5,71,50,99.8,99.67,4,20.9
9/4/24,3,23.55,9.69,13.87,141.33,15.9,4,65,65,99.83,99.96,7,20.9
9/4/24,4,41.87,17.19,24.67,251.21,39.57,1,83,37,99.45,99.71,1,20.9
9/4/24,5,26.81,10.51,16.31,160.89,0,3,31,59,99.78,100,10,20.9
9/5/24,1,58.24,21.65,36.59,349.43,0,1,24,30,99.67,99.76,10,29.4
9/5/24,2,37.54,15.73,21.81,225.23,27.03,5,68,54,99.4,99.6,9,29.4
9/5/24,3,24.49,9.42,15.08,146.97,15.8,3,63,44,99.67,99.82,3,29.4
9/5/24,4,55.97,21.86,34.11,335.83,33.58,3,60,44,99.8,99.97,9,29.4
9/5/24,5,42.45,16.95,25.5,254.72,0,4,30,58,99.71,99.52,3,29.4
9/6/24,1,43.86,17.85,26.01,263.13,0,4,38,59,99.82,99.71,10,17.1
9/6/24,2,22.02,9.3,12.73,132.14,10.57,5,52,38,99.5,99.89,5,17.1
9/6/24,3,26.25,11.48,14.76,157.49,0,4,25,50,99.64,99.76,10,17.1
9/6/24,4,38.47,14.5,23.97,230.81,0,1,31,70,99.84,99.98,3,17.1
9/6/24,5,38.48,16.44,22.04,230.87,33.48,3,78,47,99.55,99.54,0,17.1
9/7/24,1,22.62,10.09,12.53,135.72,0,4,25,64,99.77,99.9,3,26.5
9/7/24,2,27.1,12.04,15.06,162.61,0,4,22,61,99.8,99.86,1,26.5
9/7/24,3,25.6,11.04,14.56,153.6,0,3,27,64,99.49,99.86,1,26.5
9/7/24,4,57.45,22.32,35.13,344.7,40.5,1,67,56,99.89,99.69,8,26.5
9/7/24,5,48.45,18.39,30.06,290.7,0,2,31,37,99.7,99.57,3,26.5
9/8/24,1,45.68,17.46,28.22,274.08,0,5,22,62,99.68,99.77,7,25.2
9/8/24,2,38.58,16.92,21.66,231.48,0,5,39,60,99.85,99.99,4,25.2
9/8/24,3,53.46,21.36,32.1,320.73,30.47,1,58,59,99.65,99.68,2,25.2
9/8/24,4,42.14,18.87,23.27,252.83,0,4,34,66,99.84,99.76,9,25.2
9/8/24,5,26.96,9.5,17.46,161.75,0,1,28,48,99.62,99.65,1,25.2
9/9/24,1,42.64,15.68,26.96,255.85,0,2,33,61,99.85,99.6,0,22
9/9/24,2,27.48,11.79,15.69,164.86,24.73,1,80,63,99.44,99.81,10,22
9/9/24,3,34.42,13.64,20.77,206.5,20.13,3,59,59,99.41,99.6,8,22
9/9/24,4,54.35,19.13,35.22,326.09,0,5,39,42,99.69,99.67,9,22
9/9/24,5,23.36,9.28,14.08,140.18,0,1,22,60,99.73,99.54,4,22
9/10/24,1,33.47,13.34,20.13,200.79,25.6,1,71,57,99.84,99.88,9,28.2
9/10/24,2,40.48,14.22,26.26,242.88,23.07,1,58,56,99.65,99.86,0,28.2
9/10/24,3,49.84,20.52,29.33,299.05,0,1,23,65,99.48,99.75,9,28.2
9/10/24,4,49.2,18.96,30.24,295.21,37.64,2,71,51,99.47,99.95,1,28.2
9/10/24,5,21.52,9.45,12.08,129.15,10.65,3,53,46,99.73,99.83,9,28.2
9/11/24,1,53.59,22.45,31.15,321.56,0,1,36,31,99.74,99.5,3,24.5
9/11/24,2,21.82,8.19,13.62,130.89,7.53,2,43,48,99.78,99.91,0,24.5
9/11/24,3,34.87,15.48,19.39,209.22,30.86,5,79,45,99.42,99.54,8,24.5
9/11/24,4,34.27,13.65,20.62,205.63,33.41,3,85,50,99.64,99.64,6,24.5
9/11/24,5,21.05,7.76,13.29,126.31,8.21,1,46,59,99.53,99.74,2,24.5
9/12/24,1,45.69,19.8,25.89,274.14,0,2,31,54,99.75,99.79,8,15.5
9/12/24,2,57.84,23.76,34.08,347.03,0,4,35,58,99.54,99.54,0,15.5
9/12/24,3,47.44,20.91,26.54,284.65,23.48,4,53,59,99.64,99.6,1,15.5
9/12/24,4,32.68,14.34,18.34,196.1,0,3,20,38,99.52,99.73,7,15.5
9/12/24,5,25.17,9.23,15.94,151,0,2,34,61,99.44,100,6,15.5
9/13/24,1,31.89,11.52,20.37,191.35,12.92,2,47,55,99.71,99.75,5,34.3
9/13/24,2,29.56,12.9,16.66,177.36,0,3,24,50,99.88,99.66,9,34.3
9/13/24,3,27.6,11.68,15.91,165.6,12.42,5,50,49,99.74,99.54,2,34.3
9/13/24,4,22.02,9.15,12.87,132.12,0,5,31,56,99.89,99.57,7,34.3
9/13/24,5,59.22,22.27,36.95,355.29,36.42,3,61,35,99.59,99.8,1,34.3
9/14/24,1,35.6,15.9,19.7,213.6,0,5,22,34,99.57,99.52,5,26.1
9/14/24,2,20.76,7.39,13.37,124.55,12.46,2,60,38,99.86,99.94,5,26.1
9/14/24,3,38.36,16.58,21.79,230.18,19.57,5,54,63,99.5,99.55,4,26.1
9/14/24,4,33.75,11.82,21.92,202.47,0,3,25,31,99.52,99.88,9,26.1
9/14/24,5,43.7,18.61,25.08,262.19,0,4,38,34,99.55,99.84,10,26.1
9/15/24,1,41.85,15.43,26.43,251.12,16.32,1,46,69,99.88,99.57,3,19.5
9/15/24,2,40.92,18.24,22.68,245.54,0,2,37,32,99.48,99.77,5,19.5
9/15/24,3,43.17,15.27,27.9,259.03,22.67,1,55,40,99.44,99.65,5,19.5
9/15/24,4,43.5,15.38,28.12,261.01,0,5,28,46,99.48,99.63,1,19.5
9/15/24,5,29.87,12.09,17.78,179.23,20.16,4,65,58,99.4,99.75,9,19.5
9/16/24,1,39.35,17.33,22.02,236.11,0,3,31,63,99.7,99.7,10,20.4
9/16/24,2,29.22,12.67,16.54,175.3,20.6,1,67,49,99.58,99.64,7,20.4
9/16/24,3,31.22,11.4,19.82,187.32,10.77,3,43,41,99.43,99.8,0,20.4
9/16/24,4,30.58,11.59,18.99,183.46,19.72,1,63,60,99.82,99.68,3,20.4
9/16/24,5,59.21,25.72,33.49,355.25,48.85,2,75,46,99.8,99.75,1,20.4
9/17/24,1,37.65,16.11,21.54,225.91,0,2,27,55,99.45,99.93,9,27.3
9/17/24,2,59.32,25.86,33.45,355.9,24.91,5,48,56,99.74,99.56,6,27.3
9/17/24,3,43.94,18.9,25.04,263.64,15.16,5,43,43,99.76,99.72,3,27.3
9/17/24,4,22.42,9.4,13.02,134.54,17.49,4,72,69,99.75,99.86,7,27.3
9/17/24,5,52.02,19.25,32.77,312.09,33.55,3,63,70,99.7,99.51,8,27.3
9/18/24,1,22.06,9.25,12.81,132.39,0,1,35,51,99.61,99.51,10,33.6
9/18/24,2,49.67,20.93,28.74,298.05,38,3,71,50,99.65,99.98,8,33.6
9/18/24,3,27.36,11.99,15.37,164.13,0,3,36,65,99.46,99.9,2,33.6
9/18/24,4,34.13,12.26,21.87,204.76,31.74,4,82,42,99.61,99.9,5,33.6
9/18/24,5,20.49,7.41,13.08,122.94,19.98,5,85,42,99.61,99.85,1,33.6
9/19/24,1,57.24,24.29,32.95,343.47,44.65,5,72,61,99.77,99.71,2,33.9
9/19/24,2,45.52,16.95,28.57,273.12,19.8,1,49,65,99.72,99.55,1,33.9
9/19/24,3,35.02,13.64,21.38,210.11,29.42,4,76,58,99.5,99.64,1,33.9
9/19/24,4,20.32,7.48,12.84,121.89,10.67,3,55,67,99.64,99.88,8,33.9
9/19/24,5,46.46,19.86,26.6,278.76,26.48,2,58,58,99.61,100,8,33.9
9/20/24,1,31.04,12.72,18.32,186.26,13.04,2,48,32,99.66,99.67,3,29.2
9/20/24,2,28.45,11.06,17.39,170.69,0,1,26,37,99.83,99.56,8,29.2
9/20/24,3,48.86,17.26,31.6,293.17,0,5,33,67,99.59,99.9,0,29.2
9/20/24,4,46.6,19.99,26.61,279.6,0,4,38,50,99.73,99.9,0,29.2
9/20/24,5,43.51,17.84,25.66,261.03,33.93,3,72,54,99.61,99.76,0,29.2
9/21/24,1,23.31,9.67,13.64,139.85,7.69,3,42,70,99.55,99.87,4,27.1
9/21/24,2,32.54,11.77,20.76,195.22,21.96,3,65,34,99.73,99.95,0,27.1
9/21/24,3,42.62,18.29,24.33,255.69,32.6,1,71,52,99.44,99.59,4,27.1
9/21/24,4,31.32,13.65,17.67,187.9,0,4,26,42,99.49,99.74,1,27.1
9/21/24,5,57.46,25.07,32.38,344.74,17.24,4,40,42,99.74,99.71,7,27.1
9/22/24,1,55.19,22.87,32.31,331.11,45.53,2,75,47,99.77,99.84,5,27.3
9/22/24,2,46.89,19.72,27.17,281.31,0,3,35,33,99.81,99.74,4,27.3
9/22/24,3,28.4,12.46,15.95,170.42,9.8,2,43,58,99.61,99.95,7,27.3
9/22/24,4,56.61,23.99,32.61,339.64,50.95,3,80,60,99.76,99.95,4,27.3
9/22/24,5,31.69,13.78,17.91,190.14,30.42,5,84,46,99.66,99.55,9,27.3
9/23/24,1,39.24,15.99,23.25,235.45,24.72,5,62,58,99.41,99.89,3,31.7
9/23/24,2,33.98,14.93,19.06,203.91,26.51,5,72,56,99.64,99.7,4,31.7
9/23/24,3,43.22,18.09,25.13,259.34,13.62,1,41,39,99.73,99.61,7,31.7
9/23/24,4,47.75,19.39,28.36,286.5,25.79,5,56,33,99.75,99.6,5,31.7
9/23/24,5,45.31,16.61,28.7,271.84,16.99,3,45,66,99.61,99.55,1,31.7
9/24/24,1,33.11,13.13,19.98,198.66,0,3,37,43,99.88,99.9,10,15.4
9/24/24,2,35.57,14.15,21.42,213.43,0,2,25,38,99.77,99.75,2,15.4
9/24/24,3,20.39,8.17,12.23,122.36,6.73,2,42,31,99.47,99.56,6,15.4
9/24/24,4,33.33,12.32,21.01,199.97,16.5,2,53,63,99.89,100,6,15.4
9/24/24,5,41.87,17.37,24.5,251.21,30.77,2,69,68,99.64,99.65,8,15.4
9/25/24,1,58.4,25.22,33.18,350.41,0,4,35,58,99.64,99.59,9,22.4
9/25/24,2,33,14.42,18.58,198,16.33,3,53,55,99.74,99.77,3,22.4
9/25/24,3,35.72,15.4,20.32,214.32,22.5,3,62,65,99.69,99.76,7,22.4
9/25/24,4,22.34,8.91,13.43,134.02,11.06,5,53,31,99.85,99.56,4,22.4
9/25/24,5,34.79,12.58,22.21,208.73,0,3,26,33,99.71,99.88,3,22.4
9/26/24,1,27.01,9.66,17.35,162.07,11.34,4,48,60,99.45,99.99,7,20.1
9/26/24,2,42.77,16.77,26,256.64,18.61,5,49,34,99.59,99.67,10,20.1
9/26/24,3,35.21,13.24,21.97,211.28,0,3,20,37,99.82,99.97,3,20.1
9/26/24,4,34.81,14.92,19.9,208.88,0,2,28,66,99.76,99.68,8,20.1
9/26/24,5,51.93,20.49,31.45,311.59,47.52,2,81,70,99.73,99.9,10,20.1
9/27/24,1,38.95,16.77,22.17,233.69,0,5,39,69,99.84,99.59,4,20.5
9/27/24,2,36.6,13.95,22.64,219.57,35.13,2,84,38,99.73,99.62,10,20.5
9/27/24,3,28.89,12.09,16.8,173.33,0,2,26,58,99.52,99.94,1,20.5
9/27/24,4,49.74,21.13,28.61,298.42,35.06,2,67,53,99.47,99.78,6,20.5
9/27/24,5,51.72,22.97,28.75,310.32,47.32,3,81,65,99.9,99.93,8,20.5
9/28/24,1,22.82,9.31,13.52,136.95,9.93,1,49,34,99.61,99.98,7,34.4
9/28/24,2,47.89,17.27,30.62,287.35,41.67,3,78,35,99.67,99.7,8,34.4
9/28/24,3,43.32,18.61,24.71,259.91,40.29,3,82,36,99.71,99.66,9,34.4
9/28/24,4,29.74,13.26,16.49,178.45,0,4,37,30,99.42,99.76,1,34.4
9/28/24,5,52.97,21.54,31.43,317.81,33.37,5,62,70,99.69,99.83,10,34.4
9/29/24,1,47.94,17.51,30.43,287.65,37.39,2,72,63,99.66,99.89,6,26.5
9/29/24,2,56.06,19.85,36.21,336.35,42.89,4,71,33,99.47,99.62,5,26.5
9/29/24,3,58.45,22.17,36.28,350.67,48.22,4,75,31,99.81,99.75,3,26.5
9/29/24,4,29.19,12.16,17.03,175.15,14.01,3,52,69,99.56,99.58,8,26.5
9/29/24,5,21.86,9.07,12.79,131.13,12.79,3,59,70,99.51,99.55,1,26.5
9/30/24,1,55.84,23.62,32.22,335.03,51.09,3,81,40,99.47,99.88,3,25.4
9/30/24,2,50.19,19.64,30.55,301.16,40.66,5,74,34,99.76,99.93,2,25.4
9/30/24,3,29.31,12.33,16.98,175.85,0,2,30,35,99.75,99.8,10,25.4
9/30/24,4,49.51,19.59,29.92,297.07,23.02,3,51,62,99.44,99.69,1,25.4
9/30/24,5,33.93,14.28,19.66,203.6,0,1,38,45,99.48,99.59,7,25.4
10/1/24,1,53.62,18.97,34.64,321.71,0,3,22,44,99.8,99.53,10,21
10/1/24,2,56.76,24.21,32.55,340.55,44.27,1,72,33,99.61,99.91,6,21
10/1/24,3,44.61,15.66,28.94,267.64,38.14,5,77,59,99.52,99.58,4,21
10/1/24,4,36.65,13.13,23.52,219.9,15.39,1,48,55,99.41,99.89,3,21
10/1/24,5,46.66,20.1,26.55,279.95,21.7,1,51,50,99.49,99.71,8,21
10/2/24,1,32.9,13.98,18.92,197.43,26.65,4,74,37,99.79,99.72,10,33.6
10/2/24,2,58.2,22.43,35.77,349.2,44.52,3,71,40,99.73,99.85,4,33.6
10/2/24,3,46.6,18.64,27.96,279.62,25.86,1,57,33,99.86,99.94,4,33.6
10/2/24,4,58.46,24.18,34.29,350.77,35.08,3,60,39,99.64,99.93,5,33.6
10/2/24,5,47.23,20.98,26.25,283.37,0,2,38,37,99.67,99.84,5,33.6
10/3/24,1,47.13,19.39,27.74,282.76,0,4,34,37,99.65,99.67,9,27.4
10/3/24,2,44.24,18.76,25.49,265.46,29.86,5,65,62,99.88,99.67,1,27.4
10/3/24,3,38.6,14.04,24.55,231.58,35.32,2,81,48,99.61,99.91,1,27.4
10/3/24,4,21.73,8.98,12.75,130.41,0,2,34,39,99.6,99.68,3,27.4
10/3/24,5,35.57,15.58,19.99,213.41,0,1,36,70,99.85,99.62,5,27.4
10/4/24,1,40.96,16.95,24.01,245.78,34.41,1,76,34,99.66,99.88,3,28.7
10/4/24,2,24.18,10.43,13.75,145.08,13.06,1,56,41,99.87,99.79,9,28.7
10/4/24,3,57.68,22.36,35.31,346.06,19.03,1,42,39,99.49,99.62,0,28.7
10/4/24,4,31.23,13.87,17.36,187.39,28.11,1,80,43,99.49,99.87,6,28.7
10/4/24,5,37.6,14.19,23.4,225.57,0,1,22,44,99.48,99.52,7,28.7
10/5/24,1,48.37,21.29,27.08,290.24,44.26,4,81,50,99.73,99.64,6,31
10/5/24,2,31.27,13.91,17.36,187.61,20.17,2,63,33,99.81,99.55,8,31
10/5/24,3,44.42,17.7,26.72,266.51,0,3,31,33,99.49,99.87,10,31
10/5/24,4,59.67,25.07,34.59,357.99,0,5,25,67,99.86,99.66,2,31
10/5/24,5,49.56,18.08,31.48,297.36,43.86,5,79,53,99.88,99.92,7,31
10/6/24,1,24.56,10.45,14.1,147.33,15.1,4,61,64,99.48,99.98,6,27.4
10/6/24,2,48.46,18.56,29.9,290.73,23.26,2,52,70,99.78,99.76,9,27.4
10/6/24,3,45.16,20.05,25.12,270.98,31.84,1,67,39,99.87,99.93,2,27.4
10/6/24,4,43.2,17.08,26.12,259.19,25.27,1,59,70,99.59,99.52,10,27.4
10/6/24,5,24.24,10.81,13.43,145.42,21.45,4,79,70,99.48,99.84,10,27.4
10/7/24,1,52.83,23.48,29.35,316.97,40.41,4,71,38,99.51,99.6,7,34.8
10/7/24,2,51.06,22.02,29.04,306.36,17.62,5,43,45,99.63,99.54,9,34.8
10/7/24,3,51.53,18.84,32.7,309.21,0,4,32,70,99.67,99.5,5,34.8
10/7/24,4,35.1,12.69,22.41,210.63,15.8,1,50,49,99.81,99.6,7,34.8
10/7/24,5,27.31,11.45,15.86,163.86,14.75,4,56,34,99.47,99.87,8,34.8
10/8/24,1,39.92,17.17,22.75,239.49,38.32,4,84,59,99.5,99.83,8,23.8
10/8/24,2,54.03,22.76,31.27,324.16,23.5,3,49,49,99.83,99.85,10,23.8
10/8/24,3,59.8,24.57,35.23,358.82,0,2,27,49,99.71,99.91,0,23.8
10/8/24,4,53.24,19.1,34.14,319.45,0,4,31,60,99.45,99.57,2,23.8
10/8/24,5,56.31,24.61,31.7,337.85,0,5,28,36,99.7,99.53,5,23.8
10/9/24,1,52.69,21.83,30.86,316.16,45.84,5,78,44,99.53,99.94,8,24.1
10/9/24,2,52.58,20.26,32.32,315.46,24.45,4,51,68,99.55,99.56,5,24.1
10/9/24,3,57.68,23.69,34,346.11,0,1,28,68,99.84,99.75,3,24.1
10/9/24,4,22.29,9.24,13.05,133.73,18.05,1,74,69,99.56,99.83,7,24.1
10/9/24,5,42.17,15.73,26.44,253.04,29.73,5,67,31,99.81,99.52,7,24.1
10/10/24,1,29.95,13.09,16.86,179.71,26.06,4,78,36,99.52,99.5,9,29.2
10/10/24,2,37.01,16.13,20.89,222.09,0,5,37,69,99.9,99.66,8,29.2
10/10/24,3,35.17,15.48,19.7,211.04,0,5,27,54,99.82,99.85,4,29.2
10/10/24,4,28.96,12.95,16,173.75,0,1,30,68,99.6,100,0,29.2
10/10/24,5,46.31,17.24,29.08,277.87,42.38,2,81,36,99.44,99.57,10,29.2
10/11/24,1,37.25,14.04,23.22,223.51,27.38,3,69,53,99.49,99.62,2,34
10/11/24,2,31.13,11.45,19.68,186.78,10.27,5,42,36,99.5,99.97,5,34
10/11/24,3,31.54,12.18,19.37,189.26,0,5,26,36,99.75,99.75,0,34
10/11/24,4,51.88,20.97,30.91,311.31,18.68,2,44,55,99.77,99.78,3,34
10/11/24,5,58.32,21.34,36.98,349.93,23.62,5,47,47,99.48,99.67,0,34
10/12/24,1,29.28,10.54,18.74,175.66,0,1,23,51,99.7,99.85,6,32.9
10/12/24,2,53.09,21.11,31.98,318.55,51.76,5,85,63,99.46,99.74,4,32.9
10/12/24,3,38.19,14.28,23.91,229.14,0,4,32,44,99.68,99.65,8,32.9
10/12/24,4,23.9,8.85,15.05,143.39,0,3,28,57,99.51,99.74,9,32.9
10/12/24,5,25.2,8.87,16.33,151.19,0,1,22,37,99.75,99.64,7,32.9
10/13/24,1,20.42,7.34,13.08,122.53,8.58,5,48,31,99.8,99.71,10,27.3
10/13/24,2,30.01,12.45,17.56,180.07,0,3,29,33,99.46,99.96,2,27.3
10/13/24,3,38.43,14.33,24.1,230.6,0,4,38,47,99.6,99.77,7,27.3
10/13/24,4,47.35,20.19,27.16,284.13,0,3,32,40,99.47,99.83,0,27.3
10/13/24,5,59.81,25.56,34.25,358.87,48.45,1,74,39,99.72,99.77,2,27.3
10/14/24,1,54.22,23.75,30.47,325.32,0,4,27,56,99.82,99.84,7,23.6
10/14/24,2,23.11,9.73,13.39,138.69,12.83,4,57,31,99.76,99.78,2,23.6
10/14/24,3,47.29,20.1,27.19,283.73,0,1,26,34,99.82,99.71,3,23.6
10/14/24,4,56.23,20.94,35.29,337.41,0,2,22,66,99.43,99.8,8,23.6
10/14/24,5,34.13,12.87,21.25,204.76,14.33,5,48,66,99.75,99.75,7,23.6
10/15/24,1,54.32,22.7,31.63,325.94,43.19,5,73,45,99.62,99.63,10,34.1
10/15/24,2,44.94,15.84,29.1,269.61,0,4,34,53,99.78,99.7,2,34.1
10/15/24,3,46.73,17.04,29.69,280.39,0,4,34,49,99.75,99.93,4,34.1
10/15/24,4,24.14,10.07,14.06,144.82,20.27,1,76,66,99.72,99.79,6,34.1
10/15/24,5,36.34,16.01,20.34,218.07,0,2,39,42,99.56,99.59,6,34.1
10/16/24,1,44.35,17.62,26.73,266.07,32.59,1,69,42,99.53,99.82,6,16.3
10/16/24,2,54.01,21.86,32.15,324.07,38.89,5,68,53,99.42,99.74,0,16.3
10/16/24,3,51.09,19.36,31.73,306.52,16.09,2,41,57,99.7,99.89,5,16.3
10/16/24,4,58.36,22.79,35.56,350.15,26.26,4,50,66,99.7,99.93,3,16.3
10/16/24,5,20.44,8.44,11.99,122.61,18.39,5,80,60,99.63,99.71,4,16.3
10/17/24,1,42.63,17.33,25.29,255.76,20.46,2,52,47,99.44,99.71,1,33.4
10/17/24,2,53.52,19.58,33.94,321.13,0,3,22,61,99.71,99.91,0,33.4
10/17/24,3,43.06,17.02,26.04,258.36,41.34,1,84,60,99.8,99.8,5,33.4
10/17/24,4,34.05,12.65,21.4,204.31,0,1,26,64,99.69,99.61,2,33.4
10/17/24,5,34.21,12.93,21.28,205.24,18.98,3,57,66,99.57,99.67,8,33.4
10/18/24,1,23.93,9.98,13.95,143.6,18.67,1,72,38,99.81,99.73,6,18.6
10/18/24,2,55.92,20.49,35.43,335.5,36.07,1,63,52,99.52,99.83,7,18.6
10/18/24,3,43.37,16.62,26.75,260.21,40.98,1,83,44,99.43,99.87,1,18.6
10/18/24,4,52.55,19.34,33.2,315.28,30.74,2,59,58,99.86,99.74,2,18.6
10/18/24,5,39.87,16.36,23.5,239.2,35.88,3,80,55,99.56,99.56,0,18.6
10/19/24,1,39.57,16.42,23.15,237.43,0,5,26,55,99.68,99.53,10,32.8
10/19/24,2,45.11,19.11,26,270.66,21.65,5,52,70,99.64,99.76,2,32.8
10/19/24,3,56.31,24.91,31.4,337.84,54.9,3,85,60,99.5,99.96,1,32.8
10/19/24,4,26.62,11.49,15.12,159.7,7.99,1,40,44,99.77,99.58,10,32.8
10/19/24,5,50.29,21,29.28,301.72,18.86,5,45,33,99.82,99.55,6,32.8
10/20/24,1,57.79,20.87,36.91,346.72,39.87,3,66,38,99.63,99.82,5,28.5
10/20/24,2,28.27,10.48,17.79,169.61,27.14,1,84,42,99.54,99.82,4,28.5
10/20/24,3,21.05,7.6,13.45,126.32,16.74,1,73,70,99.87,99.69,4,28.5
10/20/24,4,32.43,14.38,18.05,194.57,21.89,2,65,68,99.42,99.88,9,28.5
10/20/24,5,26.88,11.54,15.34,161.29,0,4,33,52,99.68,99.84,3,28.5
10/21/24,1,43.38,17.18,26.2,260.26,16.92,1,46,56,99.83,99.83,5,21.1
10/21/24,2,25.85,9.37,16.48,155.11,0,3,32,34,99.85,99.54,0,21.1
10/21/24,3,24.46,10.47,13.99,146.77,0,5,28,31,99.58,99.81,7,21.1
10/21/24,4,23.4,9.43,13.97,140.41,0,2,35,45,99.58,99.99,6,21.1
10/21/24,5,51.57,22.47,29.11,309.44,24.76,4,52,42,99.73,99.87,4,21.1
10/22/24,1,57.78,25.94,31.84,346.7,33.8,5,59,57,99.72,99.95,8,22.4
10/22/24,2,28.66,12,16.65,171.93,0,5,36,61,99.49,99.66,2,22.4
10/22/24,3,41.1,16.82,24.28,246.59,0,1,31,48,99.77,99.79,4,22.4
10/22/24,4,43.33,17.58,25.74,259.96,13.65,3,41,47,99.84,99.82,7,22.4
10/22/24,5,35.5,14.51,20.99,213.02,23.96,1,65,31,99.69,99.95,5,22.4
10/23/24,1,38.63,17.15,21.49,231.81,13.33,5,43,43,99.52,99.89,7,28
10/23/24,2,49.22,19.78,29.43,295.3,0,4,20,31,99.45,99.8,1,28
10/23/24,3,51.55,20.14,31.42,309.33,0,4,35,32,99.51,99.61,10,28
10/23/24,4,25.28,10.77,14.51,151.68,20.86,2,75,39,99.45,99.84,1,28
10/23/24,5,56.28,25.21,31.07,337.67,0,5,20,46,99.51,99.52,8,28
10/24/24,1,49.25,21.19,28.06,295.49,31.03,5,62,42,99.74,99.94,7,26.1
10/24/24,2,55.98,20.73,35.25,335.88,0,4,31,67,99.58,99.96,1,26.1
10/24/24,3,46.73,18.11,28.63,280.41,0,1,22,70,99.5,99.67,0,26.1
10/24/24,4,25.25,10.3,14.95,151.51,0,4,38,52,99.78,99.55,4,26.1
10/24/24,5,41.4,16.84,24.56,248.4,31.05,4,70,42,99.79,99.61,7,26.1
10/25/24,1,21.19,7.58,13.62,127.17,0,4,26,31,99.8,99.68,6,30.1
10/25/24,2,54.73,23.92,30.81,328.38,0,3,27,57,99.67,99.83,3,30.1
10/25/24,3,22.06,8.1,13.96,132.36,15.88,3,68,35,99.54,99.99,7,30.1
10/25/24,4,41.29,17.25,24.04,247.75,29.11,3,67,45,99.62,99.62,4,30.1
10/25/24,5,55.38,21.75,33.63,332.28,0,4,28,67,99.56,99.58,6,30.1
10/26/24,1,50.87,22.37,28.51,305.25,0,3,34,65,99.78,99.62,4,25.1
10/26/24,2,49.6,19.8,29.79,297.58,37.2,4,70,44,99.48,99.95,5,25.1
10/26/24,3,33.98,12.52,21.46,203.89,0,3,39,35,99.8,99.87,4,25.1
10/26/24,4,48.91,17.35,31.56,293.45,0,5,23,32,99.58,99.62,3,25.1
10/26/24,5,28.99,11.4,17.6,173.95,0,2,23,70,99.42,99.55,9,25.1
10/27/24,1,55.41,22.98,32.42,332.43,0,3,35,42,99.78,99.73,5,19.1
10/27/24,2,49.87,20.8,29.08,299.25,0,4,33,58,99.78,99.56,8,19.1
10/27/24,3,22.27,9.35,12.92,133.62,0,2,23,66,99.8,99.91,0,19.1
10/27/24,4,20.8,8.01,12.79,124.78,0,5,22,66,99.58,99.72,10,19.1
10/27/24,5,46.4,17.42,28.98,278.4,43.85,4,83,45,99.72,99.8,10,19.1
10/28/24,1,22.67,7.98,14.69,136.05,15.31,3,65,65,99.59,99.87,3,30.8
10/28/24,2,42.96,16.18,26.78,257.76,25.13,3,59,32,99.81,99.61,8,30.8
10/28/24,3,57.51,23.88,33.63,345.06,43.13,1,70,38,99.47,99.52,7,30.8
10/28/24,4,50.69,19.47,31.21,304.12,44.1,4,78,37,99.86,99.54,9,30.8
10/28/24,5,26.72,9.45,17.26,160.3,0,4,20,61,99.63,99.82,9,30.8
10/29/24,1,38.35,14.79,23.56,230.08,21.28,1,57,40,99.68,99.82,6,23.5
10/29/24,2,28.59,12.64,15.95,171.51,21.01,2,69,36,99.47,99.61,4,23.5
10/29/24,3,28.54,12.65,15.89,171.25,2.5,4,23,54,99.84,99.76,9,23.5
10/29/24,4,20.15,7.77,12.39,120.92,15.42,3,71,64,99.51,99.63,2,23.5
10/29/24,5,41.26,14.5,26.77,247.58,21.04,5,54,41,99.49,99.72,3,23.5
10/30/24,1,38.18,15.06,23.12,229.08,24.05,3,62,64,99.76,99.56,5,22.5
10/30/24,2,21.14,7.43,13.71,126.84,7.93,5,45,55,99.86,99.98,10,22.5
10/30/24,3,33.6,14.99,18.6,201.58,24.69,3,69,31,99.52,99.54,0,22.5
10/30/24,4,22.3,9.46,12.83,133.78,3.2,5,29,33,99.71,99.8,6,22.5
10/30/24,5,31.94,11.64,20.3,191.66,30.67,3,84,42,99.42,99.82,7,22.5
10/31/24,1,27.97,11.99,15.97,167.81,23.49,3,76,70,99.9,99.78,0,27.7
10/31/24,2,28.58,11.98,16.6,171.47,18.86,1,64,30,99.7,99.57,10,27.7
10/31/24,3,38.53,16.88,21.65,231.2,5,5,24,43,99.71,99.87,4,27.7
10/31/24,4,28.4,10.46,17.95,170.42,12.36,5,49,45,99.53,99.8,1,27.7
10/31/24,5,20.72,7.52,13.2,124.32,17.41,5,76,30,99.63,99.89,6,27.7